,gen,uniprot,org,domain,start,end
5,FUS,P35637,Homo sapiens,RRM_1,287,365
7,FUS,P35637,Homo sapiens,PLD,120,179
23,FMR1,Q06787,Homo sapiens,KH_1,221,277
24,FMR1,Q06787,Homo sapiens,KH_1,285,332
51,TAF15,Q92804,Homo sapiens,RRM_1,236,314
53,TAF15,Q92804,Homo sapiens,PLD,33,92
66,TARDBP,Q13148,Homo sapiens,RRM_1,106,164
67,TARDBP,Q13148,Homo sapiens,RRM_1,193,241
69,TARDBP,Q13148,Homo sapiens,PLD,301,360
92,EWSR1,Q01844,Homo sapiens,RRM_1,363,441
94,EWSR1,Q01844,Homo sapiens,PLD,205,264
110,HNRNPA1,P09651,Homo sapiens,RRM_1,16,82
111,HNRNPA1,P09651,Homo sapiens,RRM_1,107,167
113,HNRNPA1,P09651,Homo sapiens,PLD,266,325
134,HNRNPA2B1,P22626,Homo sapiens,RRM_1,23,87
135,HNRNPA2B1,P22626,Homo sapiens,RRM_1,114,173
136,HNRNPA2B1,P22626,Homo sapiens,PLD,276,335
149,TIA1,P31483,Homo sapiens,RRM_1,9,77
150,TIA1,P31483,Homo sapiens,RRM_1,108,178
151,TIA1,P31483,Homo sapiens,RRM_1,216,280
152,TIA1,P31483,Homo sapiens,PLD,292,351
161,NPHS1,O60500,Homo sapiens,fn3,942,1022
224,RBM14,Q96PK6,Homo sapiens,RRM_1,3,60
225,RBM14,Q96PK6,Homo sapiens,RRM_1,81,142
226,RBM14,Q96PK6,Homo sapiens,PLD,362,421
269,UBQLN2,Q9UHD9,Homo sapiens,PLD,343,402
296,LGALS3,P17931,Homo sapiens,PLD,13,72
320,NONO,Q15233,Homo sapiens,RRM_1,76,140
321,NONO,Q15233,Homo sapiens,RRM_1,150,210
338,SFPQ,P23246,Homo sapiens,RRM_1,299,363
339,SFPQ,P23246,Homo sapiens,RRM_1,374,433
341,SFPQ,P23246,Homo sapiens,PLD,41,100
398,SYN1,P17600,Homo sapiens,PLD,447,506
409,BRD4,O60885,Homo sapiens,PLD,967,1026
424,KHDRBS1,Q07666,Homo sapiens,KH_1,158,213
433,HNRNPD,Q14103,Homo sapiens,RRM_1,100,167
434,HNRNPD,Q14103,Homo sapiens,RRM_1,184,244
436,HNRNPD,Q14103,Homo sapiens,PLD,281,340
516,POLR2A,P24928,Homo sapiens,PLD,1724,1783
608,DYRK1A,Q13627,Homo sapiens,Pkinase,159,479
653,DYRK3,O43781,Homo sapiens,Pkinase,209,522
715,U2AF2,P26368,Homo sapiens,RRM_1,151,224
716,U2AF2,P26368,Homo sapiens,RRM_1,261,330
717,U2AF2,P26368,Homo sapiens,RRM_1,400,459
739,YTHDF2,Q9Y5A9,Homo sapiens,PLD,294,353
745,YTHDF1,Q9BYJ9,Homo sapiens,PLD,299,358
771,SP1,P08047,Homo sapiens,zf-C2H2,626,650
772,SP1,P08047,Homo sapiens,zf-C2H2,656,680
773,SP1,P08047,Homo sapiens,zf-C2H2,686,708
774,SP1,P08047,Homo sapiens,PLD,339,398
785,MEX3B,Q6ZN04,Homo sapiens,KH_1,68,128
786,MEX3B,Q6ZN04,Homo sapiens,KH_1,162,222
850,G3BP1,Q13283,Homo sapiens,RRM_1,342,396
857,RACK1,P63244,Homo sapiens,WD40,8,44
858,RACK1,P63244,Homo sapiens,WD40,55,91
859,RACK1,P63244,Homo sapiens,WD40,97,133
860,RACK1,P63244,Homo sapiens,WD40,146,178
861,RACK1,P63244,Homo sapiens,WD40,188,220
862,RACK1,P63244,Homo sapiens,WD40,225,260
863,RACK1,P63244,Homo sapiens,WD40,286,310
939,PSPC1,Q8WXF1,Homo sapiens,RRM_1,84,148
940,PSPC1,Q8WXF1,Homo sapiens,RRM_1,158,216
942,PSPC1,Q8WXF1,Homo sapiens,PLD,415,474
997,WRAP53,Q9BUR4,Homo sapiens,WD40,281,303
998,WRAP53,Q9BUR4,Homo sapiens,WD40,358,396
1020,SRSF2,Q01130,Homo sapiens,RRM_1,17,86
1082,ATXN2,Q99700,Homo sapiens,PLD,1157,1216
1087,PABPC1,P11940,Homo sapiens,RRM_1,13,83
1088,PABPC1,P11940,Homo sapiens,RRM_1,101,168
1089,PABPC1,P11940,Homo sapiens,RRM_1,193,261
1090,PABPC1,P11940,Homo sapiens,RRM_1,296,363
1161,RBFOX1,Q9NWB1,Homo sapiens,RRM_1,120,186
1167,,B1PRL2,Homo sapiens,PLD,206,265
1193,CELF6,Q96J87,Homo sapiens,RRM_1,48,115
1194,CELF6,Q96J87,Homo sapiens,RRM_1,136,198
1195,CELF6,Q96J87,Homo sapiens,RRM_1,398,468
1199,CIRBP,Q14011,Homo sapiens,RRM_1,8,78
1203,CPSF7,Q8N684,Homo sapiens,RRM_1,84,155
1206,DAZAP1,Q96EP5,Homo sapiens,RRM_1,12,69
1207,DAZAP1,Q96EP5,Homo sapiens,RRM_1,115,183
1208,DAZAP1,Q96EP5,Homo sapiens,PLD,346,405
1221,FAM98A,Q8NCA5,Homo sapiens,PLD,390,449
1231,HNRNPA1L2,Q32P51,Homo sapiens,RRM_1,16,81
1232,HNRNPA1L2,Q32P51,Homo sapiens,RRM_1,107,168
1234,HNRNPA1L2,Q32P51,Homo sapiens,PLD,243,302
1239,HNRNPF,P52597,Homo sapiens,RRM_1,114,181
1240,HNRNPF,P52597,Homo sapiens,RRM_1,293,356
1251,HNRNPH1,P31943,Homo sapiens,RRM_1,14,82
1252,HNRNPH1,P31943,Homo sapiens,RRM_1,114,181
1253,HNRNPH1,P31943,Homo sapiens,RRM_1,293,355
1255,HNRNPH1,P31943,Homo sapiens,PLD,388,447
1266,HNRNPH3,P31942,Homo sapiens,RRM_1,19,86
1267,HNRNPH3,P31942,Homo sapiens,RRM_1,199,261
1268,HNRNPH3,P31942,Homo sapiens,PLD,276,335
1275,HNRNPK,P61978,Homo sapiens,KH_1,45,101
1276,HNRNPK,P61978,Homo sapiens,KH_1,147,210
1277,HNRNPK,P61978,Homo sapiens,KH_1,389,452
1299,HNRNPR,O43390,Homo sapiens,RRM_1,167,231
1300,HNRNPR,O43390,Homo sapiens,RRM_1,248,310
1301,HNRNPR,O43390,Homo sapiens,RRM_1,343,404
1321,HNRNPUL1,Q9BUJ2,Homo sapiens,PLD,643,702
1325,MEX3C,Q5U5Q3,Homo sapiens,KH_1,234,294
1326,MEX3C,Q5U5Q3,Homo sapiens,KH_1,328,388
1331,RBM3,P98179,Homo sapiens,RRM_1,8,78
1334,RBM4B,Q9BQ04,Homo sapiens,RRM_1,4,64
1335,RBM4B,Q9BQ04,Homo sapiens,RRM_1,81,142
1343,RBM7,Q9Y580,Homo sapiens,RRM_1,12,81
1344,RBM12,Q9NTZ6,Homo sapiens,RRM_1,432,498
1345,RBM12,Q9NTZ6,Homo sapiens,RRM_1,548,613
1346,RBM12,Q9NTZ6,Homo sapiens,RRM_1,859,928
1350,RBMX,P38159,Homo sapiens,RRM_1,10,80
1364,SRSF10,O75494,Homo sapiens,RRM_1,12,81
1367,SS18L1,O75177,Homo sapiens,PLD,307,366
1371,CPSF6,Q16630,Homo sapiens,RRM_1,83,152
1376,IGF2BP1,Q9NZI8,Homo sapiens,RRM_1,4,68
1377,IGF2BP1,Q9NZI8,Homo sapiens,RRM_1,85,150
1378,IGF2BP1,Q9NZI8,Homo sapiens,KH_1,199,262
1379,IGF2BP1,Q9NZI8,Homo sapiens,KH_1,280,344
1380,IGF2BP1,Q9NZI8,Homo sapiens,KH_1,409,470
1381,IGF2BP1,Q9NZI8,Homo sapiens,KH_1,490,554
1423,ELAVL1,Q15717,Homo sapiens,RRM_1,22,92
1424,ELAVL1,Q15717,Homo sapiens,RRM_1,108,174
1425,ELAVL1,Q15717,Homo sapiens,RRM_1,246,315
1436,CDK9,P50750,Homo sapiens,Pkinase,19,315
1454,ATRX,P46100,Homo sapiens,PLD,2415,2474
1458,BCL11A,Q9H165,Homo sapiens,zf-C2H2,379,399
1459,BCL11A,Q9H165,Homo sapiens,zf-C2H2,405,427
1460,BCL11A,Q9H165,Homo sapiens,zf-C2H2,743,764
1461,BCL11A,Q9H165,Homo sapiens,zf-C2H2,770,792
1462,BCL11A,Q9H165,Homo sapiens,zf-C2H2,800,823
1484,CTCF,P49711,Homo sapiens,zf-C2H2,266,288
1485,CTCF,P49711,Homo sapiens,zf-C2H2,294,316
1486,CTCF,P49711,Homo sapiens,zf-C2H2,322,345
1487,CTCF,P49711,Homo sapiens,zf-C2H2,379,401
1488,CTCF,P49711,Homo sapiens,zf-C2H2,437,460
1489,CTCF,P49711,Homo sapiens,zf-C2H2,555,573
1550,NCBP2,P52298,Homo sapiens,RRM_1,42,112
1581,RBBP4,Q09028,Homo sapiens,WD40,173,206
1582,RBBP4,Q09028,Homo sapiens,WD40,221,256
1583,RBBP4,Q09028,Homo sapiens,WD40,264,302
1584,RBBP4,Q09028,Homo sapiens,WD40,310,346
1585,RBBP4,Q09028,Homo sapiens,WD40,367,402
1612,SAFB,Q15424,Homo sapiens,RRM_1,409,477
1616,SAFB2,Q14151,Homo sapiens,RRM_1,409,478
1622,SART3,Q15020,Homo sapiens,RRM_1,706,774
1623,SART3,Q15020,Homo sapiens,RRM_1,803,871
1696,SOX9,P48436,Homo sapiens,PLD,411,470
1783,YY1,P25490,Homo sapiens,zf-C2H2,325,347
1784,YY1,P25490,Homo sapiens,zf-C2H2,353,377
1785,YY1,P25490,Homo sapiens,zf-C2H2,383,407
1835,MEX3A,A1L020,Homo sapiens,KH_1,134,194
1836,MEX3A,A1L020,Homo sapiens,KH_1,225,285
1876,SETD1A,O15047,Homo sapiens,RRM_1,101,165
1899,PLRG1,O43660,Homo sapiens,WD40,195,232
1900,PLRG1,O43660,Homo sapiens,WD40,237,274
1901,PLRG1,O43660,Homo sapiens,WD40,279,316
1902,PLRG1,O43660,Homo sapiens,WD40,323,358
1903,PLRG1,O43660,Homo sapiens,WD40,405,440
1966,SNRNP70,P08621,Homo sapiens,RRM_1,105,174
1981,DDX5,P17844,Homo sapiens,PLD,531,590
1994,WT1,P19544,Homo sapiens,zf-C2H2,353,377
1995,WT1,P19544,Homo sapiens,zf-C2H2,383,405
2059,CSNK1A1,P48729,Homo sapiens,Pkinase,17,235
2110,NEK2,P51955,Homo sapiens,Pkinase,8,270
2133,SEC13,P55735,Homo sapiens,WD40,11,41
2134,SEC13,P55735,Homo sapiens,WD40,51,86
2135,SEC13,P55735,Homo sapiens,WD40,94,130
2136,SEC13,P55735,Homo sapiens,WD40,204,243
2137,SEC13,P55735,Homo sapiens,WD40,259,290
2144,RBM11,P57052,Homo sapiens,RRM_1,12,80
2165,SRSF3,P84103,Homo sapiens,RRM_1,12,77
2171,HNRNPU,Q00839,Homo sapiens,PLD,765,824
2184,U2AF1,Q01081,Homo sapiens,RRM_1,91,141
2199,SRSF1,Q07955,Homo sapiens,RRM_1,18,85
2200,SRSF1,Q07955,Homo sapiens,RRM_1,123,184
2207,SRSF4,Q08170,Homo sapiens,RRM_1,4,64
2208,SRSF4,Q08170,Homo sapiens,RRM_1,106,171
2222,ILF3,Q12906,Homo sapiens,PLD,744,803
2239,SRSF6,Q13247,Homo sapiens,RRM_1,4,64
2240,SRSF6,Q13247,Homo sapiens,RRM_1,112,177
2265,PWP1,Q13610,Homo sapiens,WD40,252,285
2266,PWP1,Q13610,Homo sapiens,WD40,376,414
2274,CDK13,Q14004,Homo sapiens,Pkinase,707,998
2276,IKBKE,Q14164,Homo sapiens,Pkinase,10,223
2320,ZNF638,Q14966,Homo sapiens,RRM_1,679,730
2330,WDR43,Q15061,Homo sapiens,WD40,123,154
2331,WDR43,Q15061,Homo sapiens,WD40,164,193
2384,WDR74,Q6RFH5,Homo sapiens,WD40,264,295
2397,NOL8,Q76FK4,Homo sapiens,RRM_1,10,80
2412,ANKS1B,Q7Z6G8,Homo sapiens,Ank_2,9,117
2413,ANKS1B,Q7Z6G8,Homo sapiens,Ank_2,122,187
2414,ANKS1B,Q7Z6G8,Homo sapiens,Ank_2,193,256
2421,PABPN1,Q86U42,Homo sapiens,RRM_1,174,243
2426,ALYREF,Q86V81,Homo sapiens,RRM_1,108,176
2459,KMT2E,Q8IZD2,Homo sapiens,PLD,1520,1579
2461,MAML2,Q8IZL2,Homo sapiens,PLD,588,647
2490,ASCC1,Q8N9N2,Homo sapiens,KH_1,99,148
2503,RBM15B,Q8NDT2,Homo sapiens,RRM_1,339,408
2504,RBM15B,Q8NDT2,Homo sapiens,RRM_1,420,480
2512,TNRC6A,Q8NDV7,Homo sapiens,PLD,65,124
2523,RDM1,Q8NG50,Homo sapiens,RRM_1,32,88
2524,NEK11,Q8NG66,Homo sapiens,Pkinase,29,287
2530,WDR36,Q8NI36,Homo sapiens,WD40,154,187
2531,WDR36,Q8NI36,Homo sapiens,WD40,613,650
2538,GEMIN5,Q8TEQ6,Homo sapiens,WD40,57,95
2539,GEMIN5,Q8TEQ6,Homo sapiens,WD40,186,255
2540,GEMIN5,Q8TEQ6,Homo sapiens,WD40,631,668
2548,ATXN2L,Q8WWM7,Homo sapiens,PLD,783,842
2572,MAML1,Q92585,Homo sapiens,PLD,747,806
2577,RREB1,Q92766,Homo sapiens,zf-C2H2,97,119
2578,RREB1,Q92766,Homo sapiens,zf-C2H2,125,147
2579,RREB1,Q92766,Homo sapiens,zf-C2H2,1247,1268
2580,RREB1,Q92766,Homo sapiens,zf-C2H2,1540,1562
2583,DDX17,Q92841,Homo sapiens,PLD,660,719
2600,RBPMS,Q93062,Homo sapiens,RRM_1,26,87
2603,FBXW7,Q969H0,Homo sapiens,WD40,374,407
2604,FBXW7,Q969H0,Homo sapiens,WD40,411,447
2605,FBXW7,Q969H0,Homo sapiens,WD40,451,487
2606,FBXW7,Q969H0,Homo sapiens,WD40,491,527
2607,FBXW7,Q969H0,Homo sapiens,WD40,532,567
2608,FBXW7,Q969H0,Homo sapiens,WD40,571,607
2609,FBXW7,Q969H0,Homo sapiens,WD40,611,650
2611,UTP4,Q969X6,Homo sapiens,WD40,103,128
2644,ZNF274,Q96GC6,Homo sapiens,zf-C2H2,535,557
2645,ZNF274,Q96GC6,Homo sapiens,zf-C2H2,563,585
2646,ZNF274,Q96GC6,Homo sapiens,zf-C2H2,591,613
2647,ZNF274,Q96GC6,Homo sapiens,zf-C2H2,619,641
2656,MAML3,Q96JK9,Homo sapiens,PLD,470,529
2677,RBM15,Q96T37,Homo sapiens,RRM_1,181,245
2678,RBM15,Q96T37,Homo sapiens,RRM_1,376,444
2697,WDR18,Q9BV38,Homo sapiens,WD40,112,149
2698,WDR18,Q9BV38,Homo sapiens,WD40,165,201
2699,WDR18,Q9BV38,Homo sapiens,WD40,263,297
2714,SHANK3,Q9BYB0,Homo sapiens,Ank_2,128,213
2715,SHANK3,Q9BYB0,Homo sapiens,Ank_2,254,335
2729,WDR12,Q9GZL7,Homo sapiens,WD40,131,170
2730,WDR12,Q9GZL7,Homo sapiens,WD40,181,217
2731,WDR12,Q9GZL7,Homo sapiens,WD40,249,284
2732,WDR12,Q9GZL7,Homo sapiens,WD40,290,325
2733,WDR12,Q9GZL7,Homo sapiens,WD40,337,371
2744,GZF1,Q9H116,Homo sapiens,zf-C2H2,348,371
2745,GZF1,Q9H116,Homo sapiens,zf-C2H2,437,457
2746,GZF1,Q9H116,Homo sapiens,zf-C2H2,491,513
2747,GZF1,Q9H116,Homo sapiens,zf-C2H2,519,541
2748,GZF1,Q9H116,Homo sapiens,zf-C2H2,575,597
2766,HIPK2,Q9H2X6,Homo sapiens,Pkinase,199,527
2846,AAAS,Q9NRG9,Homo sapiens,WD40,240,273
2850,DROSHA,Q9NRR4,Homo sapiens,PLD,139,198
2862,DCAF13,Q9NV06,Homo sapiens,WD40,59,95
2863,DCAF13,Q9NV06,Homo sapiens,WD40,100,137
2864,DCAF13,Q9NV06,Homo sapiens,WD40,327,353
2882,RBM28,Q9NW13,Homo sapiens,RRM_1,6,65
2883,RBM28,Q9NW13,Homo sapiens,RRM_1,116,184
2884,RBM28,Q9NW13,Homo sapiens,RRM_1,337,394
2920,CHD7,Q9P2D1,Homo sapiens,PLD,158,217
2949,SETD1B,Q9UPS6,Homo sapiens,RRM_1,110,175
2968,RBM19,Q9Y4C8,Homo sapiens,RRM_1,4,72
2969,RBM19,Q9Y4C8,Homo sapiens,RRM_1,302,362
2970,RBM19,Q9Y4C8,Homo sapiens,RRM_1,404,473
2971,RBM19,Q9Y4C8,Homo sapiens,RRM_1,732,804
2972,RBM19,Q9Y4C8,Homo sapiens,RRM_1,834,905
3009,AURKB,Q96GD4,Homo sapiens,Pkinase,77,327
3016,CELF4,Q9BZC1,Homo sapiens,RRM_1,56,123
3017,CELF4,Q9BZC1,Homo sapiens,RRM_1,154,216
3018,CELF4,Q9BZC1,Homo sapiens,RRM_1,442,473
3019,CELF4,Q9BZC1,Homo sapiens,PLD,241,300
3020,CSTF2,P33240,Homo sapiens,RRM_1,18,88
3023,CSTF2,P33240,Homo sapiens,PLD,203,262
3024,CSTF2T,Q9H0L4,Homo sapiens,RRM_1,18,88
3027,CSTF2T,Q9H0L4,Homo sapiens,PLD,509,568
3036,DAZ1,Q9NQZ3,Homo sapiens,RRM_1,42,98
3037,DAZ1,Q9NQZ3,Homo sapiens,RRM_1,207,263
3038,DAZ1,Q9NQZ3,Homo sapiens,RRM_1,372,428
3039,DAZ1,Q9NQZ3,Homo sapiens,PLD,565,624
3040,DAZ3,Q9NR90,Homo sapiens,RRM_1,42,98
3041,DAZ3,Q9NR90,Homo sapiens,PLD,283,342
3042,DAZ4,Q86SG3,Homo sapiens,RRM_1,42,98
3043,DAZ4,Q86SG3,Homo sapiens,RRM_1,207,263
3044,DAZ4,Q86SG3,Homo sapiens,PLD,400,459
3045,TIAL1,Q01085,Homo sapiens,RRM_1,11,79
3046,TIAL1,Q01085,Homo sapiens,RRM_1,99,169
3047,TIAL1,Q01085,Homo sapiens,RRM_1,207,271
3048,TIAL1,Q01085,Homo sapiens,PLD,297,356
3057,HNRNPA3,P51991,Homo sapiens,RRM_1,37,94
3058,HNRNPA3,P51991,Homo sapiens,RRM_1,128,191
3059,HNRNPA3,P51991,Homo sapiens,PLD,287,346
3066,HNRNPH2,P55795,Homo sapiens,RRM_1,14,82
3067,HNRNPH2,P55795,Homo sapiens,RRM_1,114,181
3068,HNRNPH2,P55795,Homo sapiens,RRM_1,293,355
3070,HNRNPH2,P55795,Homo sapiens,PLD,388,447
3081,HNRNPAB,Q99729,Homo sapiens,RRM_1,72,138
3082,HNRNPAB,Q99729,Homo sapiens,RRM_1,155,215
3084,HNRNPAB,Q99729,Homo sapiens,PLD,235,294
3097,HNRNPDL,O14979,Homo sapiens,RRM_1,151,218
3098,HNRNPDL,O14979,Homo sapiens,RRM_1,235,294
3099,HNRNPDL,O14979,Homo sapiens,PLD,341,400
3109,HNRNPA0,Q13151,Homo sapiens,RRM_1,9,69
3110,HNRNPA0,Q13151,Homo sapiens,RRM_1,100,157
3111,HNRNPA0,Q13151,Homo sapiens,PLD,206,265
3158,EIF4H,Q15056,Homo sapiens,RRM_1,45,112
3195,NUP153,P49790,Homo sapiens,PLD,1375,1434
3229,GLI3,P10071,Homo sapiens,zf-C2H2,513,540
3230,GLI3,P10071,Homo sapiens,zf-C2H2,546,570
3231,GLI3,P10071,Homo sapiens,zf-C2H2,576,601
3232,GLI3,P10071,Homo sapiens,zf-C2H2,607,632
3253,ZNF207,O43670,Homo sapiens,PLD,400,459
3259,RBM8A,Q9Y5S9,Homo sapiens,RRM_1,75,144
3276,SF3B6,Q9Y3B4,Homo sapiens,RRM_1,21,87
3333,WDR3,Q9UNX4,Homo sapiens,WD40,142,177
3334,WDR3,Q9UNX4,Homo sapiens,WD40,182,219
3335,WDR3,Q9UNX4,Homo sapiens,WD40,410,442
3336,WDR3,Q9UNX4,Homo sapiens,WD40,487,524
3337,WDR3,Q9UNX4,Homo sapiens,WD40,586,618
3338,WDR3,Q9UNX4,Homo sapiens,WD40,624,661
3339,WDR3,Q9UNX4,Homo sapiens,WD40,666,702
3344,PRPF19,Q9UMS4,Homo sapiens,WD40,255,292
3345,PRPF19,Q9UMS4,Homo sapiens,WD40,297,328
3346,PRPF19,Q9UMS4,Homo sapiens,WD40,352,378
3347,PRPF19,Q9UMS4,Homo sapiens,WD40,384,420
3348,PRPF19,Q9UMS4,Homo sapiens,WD40,467,502
3408,GAR1,Q9NY12,Homo sapiens,PLD,5,64
3411,PAK1IP1,Q9NWT1,Homo sapiens,WD40,40,68
3412,PAK1IP1,Q9NWT1,Homo sapiens,WD40,80,109
3413,PAK1IP1,Q9NWT1,Homo sapiens,WD40,113,151
3414,SLTM,Q9NWH9,Homo sapiens,RRM_1,386,455
3417,NLE1,Q9NVX2,Homo sapiens,WD40,105,142
3418,NLE1,Q9NVX2,Homo sapiens,WD40,150,184
3419,NLE1,Q9NVX2,Homo sapiens,WD40,191,232
3420,NLE1,Q9NVX2,Homo sapiens,WD40,236,272
3421,NLE1,Q9NVX2,Homo sapiens,WD40,363,400
3422,NLE1,Q9NVX2,Homo sapiens,WD40,404,442
3423,NLE1,Q9NVX2,Homo sapiens,WD40,451,483
3498,WDR55,Q9H6Y2,Homo sapiens,WD40,288,323
3516,ZNF106,Q9H2Y7,Homo sapiens,WD40,1525,1557
3517,ZNF106,Q9H2Y7,Homo sapiens,WD40,1561,1602
3527,NIFK,Q9BYG3,Homo sapiens,RRM_1,47,116
3531,POLDIP3,Q9BY77,Homo sapiens,RRM_1,284,344
3537,RBM4,Q9BWF3,Homo sapiens,RRM_1,4,64
3538,RBM4,Q9BWF3,Homo sapiens,RRM_1,81,142
3567,GRWD1,Q9BQ67,Homo sapiens,WD40,254,290
3568,GRWD1,Q9BQ67,Homo sapiens,WD40,303,336
3569,GRWD1,Q9BQ67,Homo sapiens,WD40,343,382
3580,,Q9BQ02,Homo sapiens,RRM_1,194,231
3581,,Q9BQ02,Homo sapiens,RRM_1,260,326
3582,,Q9BQ02,Homo sapiens,RRM_1,346,412
3583,VRK1,Q99986,Homo sapiens,Pkinase,42,287
3603,SRPK1,Q96SB4,Homo sapiens,Pkinase,80,226
3604,SRPK1,Q96SB4,Homo sapiens,Pkinase,489,653
3610,WDR89,Q96FK6,Homo sapiens,WD40,62,98
3611,WDR89,Q96FK6,Homo sapiens,WD40,168,199
3612,WDR89,Q96FK6,Homo sapiens,WD40,315,349
3614,RBMXL1,Q96E39,Homo sapiens,RRM_1,10,80
3641,ARPC1A,Q92747,Homo sapiens,WD40,46,80
3642,ARPC1A,Q92747,Homo sapiens,WD40,140,169
3675,HNRNPLL,Q8WVV9,Homo sapiens,RRM_1,80,128
3681,UTP15,Q8TED0,Homo sapiens,WD40,113,150
3682,UTP15,Q8TED0,Homo sapiens,WD40,156,193
3683,UTP15,Q8TED0,Homo sapiens,WD40,204,233
3684,UTP15,Q8TED0,Homo sapiens,WD40,238,275
3696,ZCRB1,Q8TBF4,Homo sapiens,RRM_1,12,82
3718,SFRS2,Q8N220,Homo sapiens,RRM_1,17,78
3724,WDR75,Q8IWA0,Homo sapiens,WD40,48,86
3725,WDR75,Q8IWA0,Homo sapiens,WD40,201,230
3754,NIPBL,Q6KC79,Homo sapiens,PLD,112,171
3774,FAM98B,Q52LJ0,Homo sapiens,PLD,371,430
3789,SRSF7,Q16629,Homo sapiens,RRM_1,13,77
3794,RBBP7,Q16576,Homo sapiens,WD40,181,205
3795,RBBP7,Q16576,Homo sapiens,WD40,221,255
3796,RBBP7,Q16576,Homo sapiens,WD40,264,301
3797,RBBP7,Q16576,Homo sapiens,WD40,309,345
3798,RBBP7,Q16576,Homo sapiens,WD40,366,401
3804,PCBP1,Q15365,Homo sapiens,KH_1,15,76
3805,PCBP1,Q15365,Homo sapiens,KH_1,99,162
3806,PCBP1,Q15365,Homo sapiens,KH_1,281,344
3819,PWP2,Q15269,Homo sapiens,WD40,370,401
3820,PWP2,Q15269,Homo sapiens,WD40,407,442
3821,PWP2,Q15269,Homo sapiens,WD40,492,529
3948,RBM39,Q14498,Homo sapiens,RRM_1,155,219
3949,RBM39,Q14498,Homo sapiens,RRM_1,252,322
3994,BOP1,Q14137,Homo sapiens,WD40,408,440
3995,BOP1,Q14137,Homo sapiens,WD40,655,688
3996,BOP1,Q14137,Homo sapiens,WD40,706,745
4043,SRSF5,Q13243,Homo sapiens,RRM_1,6,67
4044,SRSF5,Q13243,Homo sapiens,RRM_1,110,175
4079,TBL3,Q12788,Homo sapiens,WD40,108,137
4080,TBL3,Q12788,Homo sapiens,WD40,186,223
4081,TBL3,Q12788,Homo sapiens,WD40,370,403
4082,TBL3,Q12788,Homo sapiens,WD40,413,449
4083,TBL3,Q12788,Homo sapiens,WD40,472,506
4084,TBL3,Q12788,Homo sapiens,WD40,512,548
4085,TBL3,Q12788,Homo sapiens,WD40,554,590
4086,TBL3,Q12788,Homo sapiens,WD40,596,633
4098,DHX9,Q08211,Homo sapiens,PLD,1169,1228
4192,RAE1,P78406,Homo sapiens,WD40,85,114
4193,RAE1,P78406,Homo sapiens,WD40,138,157
4205,CSNK2A1,P68400,Homo sapiens,Pkinase,39,324
4226,TRA2B,P62995,Homo sapiens,RRM_1,122,190
4350,WDR5,P61964,Homo sapiens,WD40,39,72
4351,WDR5,P61964,Homo sapiens,WD40,79,115
4352,WDR5,P61964,Homo sapiens,WD40,119,157
4353,WDR5,P61964,Homo sapiens,WD40,161,199
4354,WDR5,P61964,Homo sapiens,WD40,203,242
4355,WDR5,P61964,Homo sapiens,WD40,246,287
4356,WDR5,P61964,Homo sapiens,WD40,293,331
4424,HNRNPM,P52272,Homo sapiens,RRM_1,74,143
4425,HNRNPM,P52272,Homo sapiens,RRM_1,206,274
4426,HNRNPM,P52272,Homo sapiens,RRM_1,655,722
4452,CDK7,P50613,Homo sapiens,Pkinase,12,295
4474,CSNK1D,P48730,Homo sapiens,Pkinase,9,224
4512,RBM34,P42696,Homo sapiens,RRM_1,187,219
4513,RBM34,P42696,Homo sapiens,RRM_1,289,358
4632,PTBP1,P26599,Homo sapiens,RRM_1,458,518
4658,CDK2,P24941,Homo sapiens,Pkinase,4,286
4680,CSNK2A2,P19784,Homo sapiens,Pkinase,40,325
4683,EIF2AK2,P19525,Homo sapiens,Pkinase,267,534
4694,NCL,P19338,Homo sapiens,RRM_1,309,377
4695,NCL,P19338,Homo sapiens,RRM_1,398,459
4696,NCL,P19338,Homo sapiens,RRM_1,488,554
4697,NCL,P19338,Homo sapiens,RRM_1,574,640
4751,HNRNPL,P14866,Homo sapiens,RRM_1,106,155
4846,SNRPA,P09012,Homo sapiens,RRM_1,12,82
4847,SNRPA,P09012,Homo sapiens,RRM_1,210,272
4876,HNRNPC,P07910,Homo sapiens,RRM_1,18,80
4901,CDK1,P06493,Homo sapiens,Pkinase,4,287
4906,SSB,P05455,Homo sapiens,RRM_1,113,178
5000,SYNCRIP,O60506,Homo sapiens,RRM_1,164,229
5001,SYNCRIP,O60506,Homo sapiens,RRM_1,245,306
5002,SYNCRIP,O60506,Homo sapiens,RRM_1,340,401
5033,RRP9,O43818,Homo sapiens,WD40,139,173
5034,RRP9,O43818,Homo sapiens,WD40,196,226
5035,RRP9,O43818,Homo sapiens,WD40,232,269
5036,RRP9,O43818,Homo sapiens,WD40,278,311
5037,RRP9,O43818,Homo sapiens,WD40,316,350
5040,BUB3,O43684,Homo sapiens,WD40,16,43
5041,BUB3,O43684,Homo sapiens,WD40,94,124
5042,BUB3,O43684,Homo sapiens,WD40,222,262
5046,PRPF4,O43172,Homo sapiens,WD40,234,259
5047,PRPF4,O43172,Homo sapiens,WD40,264,309
5048,PRPF4,O43172,Homo sapiens,WD40,315,351
5049,PRPF4,O43172,Homo sapiens,WD40,397,435
5050,PRPF4,O43172,Homo sapiens,WD40,440,477
5051,PRPF4,O43172,Homo sapiens,WD40,482,519
5074,ARPC1B,O15143,Homo sapiens,WD40,43,79
5075,ARPC1B,O15143,Homo sapiens,WD40,144,169
5126,TCERG1,O14776,Homo sapiens,PLD,180,239
5176,PABPC4,Q13310,Homo sapiens,RRM_1,13,83
5177,PABPC4,Q13310,Homo sapiens,RRM_1,101,168
5178,PABPC4,Q13310,Homo sapiens,RRM_1,193,260
5179,PABPC4,Q13310,Homo sapiens,RRM_1,296,363
5221,ACTN4,O43707,Homo sapiens,Spectrin,293,402
5222,ACTN4,O43707,Homo sapiens,Spectrin,413,517
5223,ACTN4,O43707,Homo sapiens,Spectrin,529,639
5224,ACTN4,O43707,Homo sapiens,Spectrin,649,751
5257,NUAK2,Q9H093,Homo sapiens,Pkinase,53,303
5263,LRFN5,Q96NI6,Homo sapiens,I-set,288,374
5267,ZSCAN31,Q96LW9,Homo sapiens,zf-C2H2,239,261
5268,ZSCAN31,Q96LW9,Homo sapiens,zf-C2H2,267,289
5269,ZSCAN31,Q96LW9,Homo sapiens,zf-C2H2,295,317
5270,ZSCAN31,Q96LW9,Homo sapiens,zf-C2H2,351,373
5271,ZSCAN31,Q96LW9,Homo sapiens,zf-C2H2,379,401
5272,SCYL1,Q96KG9,Homo sapiens,Pkinase,36,223
5275,ZBTB45,Q96K62,Homo sapiens,zf-C2H2,403,425
5276,ZBTB45,Q96K62,Homo sapiens,zf-C2H2,431,453
5277,ZBTB45,Q96K62,Homo sapiens,zf-C2H2,459,481
5278,ZBTB45,Q96K62,Homo sapiens,zf-C2H2,487,508
5284,ZNF501,Q96CX3,Homo sapiens,zf-C2H2,23,44
5285,ZNF501,Q96CX3,Homo sapiens,zf-C2H2,50,72
5286,ZNF501,Q96CX3,Homo sapiens,zf-C2H2,78,100
5287,ZNF501,Q96CX3,Homo sapiens,zf-C2H2,106,128
5288,ZNF501,Q96CX3,Homo sapiens,zf-C2H2,134,156
5289,ZNF501,Q96CX3,Homo sapiens,zf-C2H2,162,184
5290,ZNF501,Q96CX3,Homo sapiens,zf-C2H2,190,212
5291,ZNF501,Q96CX3,Homo sapiens,zf-C2H2,218,240
5292,ZNF501,Q96CX3,Homo sapiens,zf-C2H2,246,268
5302,ZNF398,Q8TD17,Homo sapiens,zf-C2H2,399,420
5303,ZNF398,Q8TD17,Homo sapiens,zf-C2H2,427,449
5304,ZNF398,Q8TD17,Homo sapiens,zf-C2H2,455,477
5305,ZNF398,Q8TD17,Homo sapiens,zf-C2H2,483,505
5306,ZNF398,Q8TD17,Homo sapiens,zf-C2H2,511,533
5307,ZNF398,Q8TD17,Homo sapiens,zf-C2H2,539,561
5308,ZNF398,Q8TD17,Homo sapiens,zf-C2H2,567,590
5310,ENOX1,Q8TC92,Homo sapiens,RRM_1,144,198
5323,ZNF444,Q8N0Y2,Homo sapiens,zf-C2H2,207,229
5324,ZNF444,Q8N0Y2,Homo sapiens,zf-C2H2,278,300
5344,PHC2,Q8IXK0,Homo sapiens,PLD,67,126
5345,RBM45,Q8IUH3,Homo sapiens,RRM_1,34,92
5346,RBM45,Q8IUH3,Homo sapiens,RRM_1,127,183
5347,RBM45,Q8IUH3,Homo sapiens,RRM_1,259,311
5348,RBM45,Q8IUH3,Homo sapiens,RRM_1,406,457
5358,RBM23,Q86U06,Homo sapiens,RRM_1,168,231
5359,RBM23,Q86U06,Homo sapiens,RRM_1,265,334
5364,ZNF774,Q6NX45,Homo sapiens,zf-C2H2,153,173
5365,ZNF774,Q6NX45,Homo sapiens,zf-C2H2,179,201
5366,ZNF774,Q6NX45,Homo sapiens,zf-C2H2,207,229
5367,ZNF774,Q6NX45,Homo sapiens,zf-C2H2,235,257
5368,ZNF774,Q6NX45,Homo sapiens,zf-C2H2,263,285
5369,ZNF774,Q6NX45,Homo sapiens,zf-C2H2,291,313
5370,ZNF774,Q6NX45,Homo sapiens,zf-C2H2,319,341
5371,ZNF774,Q6NX45,Homo sapiens,zf-C2H2,347,369
5372,ZNF774,Q6NX45,Homo sapiens,zf-C2H2,375,397
5373,ZNF774,Q6NX45,Homo sapiens,zf-C2H2,403,425
5374,ZNF774,Q6NX45,Homo sapiens,zf-C2H2,431,453
5389,KHDRBS2,Q5VWX1,Homo sapiens,KH_1,62,121
5401,ZNF800,Q2TB10,Homo sapiens,zf-C2H2,487,508
5402,ZNF800,Q2TB10,Homo sapiens,zf-C2H2,618,640
5405,ZNF79,Q15937,Homo sapiens,zf-C2H2,193,215
5406,ZNF79,Q15937,Homo sapiens,zf-C2H2,221,243
5407,ZNF79,Q15937,Homo sapiens,zf-C2H2,249,271
5408,ZNF79,Q15937,Homo sapiens,zf-C2H2,277,299
5409,ZNF79,Q15937,Homo sapiens,zf-C2H2,305,327
5410,ZNF79,Q15937,Homo sapiens,zf-C2H2,333,355
5411,ZNF79,Q15937,Homo sapiens,zf-C2H2,361,383
5412,ZNF79,Q15937,Homo sapiens,zf-C2H2,389,411
5413,ZNF79,Q15937,Homo sapiens,zf-C2H2,417,439
5414,ZNF79,Q15937,Homo sapiens,zf-C2H2,445,467
5415,ZNF79,Q15937,Homo sapiens,zf-C2H2,473,495
5417,RNPS1,Q15287,Homo sapiens,RRM_1,165,233
5421,SRSF11,Q05519,Homo sapiens,RRM_1,37,103
5423,TLE3,Q04726,Homo sapiens,WD40,482,513
5424,TLE3,Q04726,Homo sapiens,WD40,610,646
5434,NRG1,Q02297,Homo sapiens,I-set,41,129
5445,CLK2,P49760,Homo sapiens,Pkinase,163,479
5456,NFYA,P23511,Homo sapiens,PLD,99,158
5459,ZNF24,P17028,Homo sapiens,zf-C2H2,251,273
5460,ZNF24,P17028,Homo sapiens,zf-C2H2,281,301
5461,ZNF24,P17028,Homo sapiens,zf-C2H2,307,329
5462,ZNF24,P17028,Homo sapiens,zf-C2H2,335,357
5468,ZNF688,P0C7X2,Homo sapiens,zf-C2H2,183,205
5469,ZNF688,P0C7X2,Homo sapiens,zf-C2H2,211,230
5470,SNRPB2,P08579,Homo sapiens,RRM_1,9,79
5471,SNRPB2,P08579,Homo sapiens,RRM_1,153,212
5484,KHDRBS3,O75525,Homo sapiens,KH_1,59,116
5496,SNAI2,O43623,Homo sapiens,zf-C2H2,128,150
5497,SNAI2,O43623,Homo sapiens,zf-C2H2,159,181
5498,SNAI2,O43623,Homo sapiens,zf-C2H2,186,207
5499,SNAI2,O43623,Homo sapiens,zf-C2H2,213,235
5500,SNAI2,O43623,Homo sapiens,zf-C2H2,241,259
5501,KLF4,O43474,Homo sapiens,zf-C2H2,430,454
5502,KLF4,O43474,Homo sapiens,zf-C2H2,460,484
5503,KLF4,O43474,Homo sapiens,zf-C2H2,490,512
5505,ZSCAN12,O43309,Homo sapiens,zf-C2H2,276,296
5506,ZSCAN12,O43309,Homo sapiens,zf-C2H2,302,324
5507,ZSCAN12,O43309,Homo sapiens,zf-C2H2,330,352
5508,ZSCAN12,O43309,Homo sapiens,zf-C2H2,358,380
5509,ZSCAN12,O43309,Homo sapiens,zf-C2H2,386,408
5510,ZSCAN12,O43309,Homo sapiens,zf-C2H2,414,436
5511,ZSCAN12,O43309,Homo sapiens,zf-C2H2,442,463
5512,ZSCAN12,O43309,Homo sapiens,zf-C2H2,469,491
5513,ZSCAN12,O43309,Homo sapiens,zf-C2H2,497,519
5514,ZSCAN12,O43309,Homo sapiens,zf-C2H2,525,547
5523,INVS,Q9Y283,Homo sapiens,Ank_2,85,177
5524,INVS,Q9Y283,Homo sapiens,Ank_2,179,249
5525,INVS,Q9Y283,Homo sapiens,Ank_2,303,387
5526,INVS,Q9Y283,Homo sapiens,Ank_2,394,486
5527,G3BP2,Q9UN86,Homo sapiens,RRM_1,333,389
5548,SPTBN5,Q9NRC6,Homo sapiens,Spectrin,307,416
5549,SPTBN5,Q9NRC6,Homo sapiens,Spectrin,428,529
5550,SPTBN5,Q9NRC6,Homo sapiens,Spectrin,642,742
5551,SPTBN5,Q9NRC6,Homo sapiens,Spectrin,747,810
5552,SPTBN5,Q9NRC6,Homo sapiens,Spectrin,900,996
5553,SPTBN5,Q9NRC6,Homo sapiens,Spectrin,1103,1206
5554,SPTBN5,Q9NRC6,Homo sapiens,Spectrin,1209,1311
5555,SPTBN5,Q9NRC6,Homo sapiens,Spectrin,1315,1417
5556,SPTBN5,Q9NRC6,Homo sapiens,Spectrin,1521,1624
5557,SPTBN5,Q9NRC6,Homo sapiens,Spectrin,1628,1727
5558,SPTBN5,Q9NRC6,Homo sapiens,Spectrin,1731,1835
5559,SPTBN5,Q9NRC6,Homo sapiens,Spectrin,1842,1940
5560,SPTBN5,Q9NRC6,Homo sapiens,Spectrin,1944,2046
5561,SPTBN5,Q9NRC6,Homo sapiens,Spectrin,2052,2146
5562,SPTBN5,Q9NRC6,Homo sapiens,Spectrin,2150,2253
5563,SPTBN5,Q9NRC6,Homo sapiens,Spectrin,2256,2361
5564,SPTBN5,Q9NRC6,Homo sapiens,Spectrin,2366,2467
5565,SPTBN5,Q9NRC6,Homo sapiens,Spectrin,2471,2574
5566,SPTBN5,Q9NRC6,Homo sapiens,Spectrin,2577,2680
5567,SPTBN5,Q9NRC6,Homo sapiens,Spectrin,2683,2784
5568,SPTBN5,Q9NRC6,Homo sapiens,Spectrin,2791,2890
5569,SPTBN5,Q9NRC6,Homo sapiens,Spectrin,2894,2997
5570,SPTBN5,Q9NRC6,Homo sapiens,Spectrin,3000,3103
5571,SPTBN5,Q9NRC6,Homo sapiens,Spectrin,3106,3209
5572,SPTBN5,Q9NRC6,Homo sapiens,Spectrin,3213,3311
5573,SPTBN5,Q9NRC6,Homo sapiens,Spectrin,3318,3415
5574,SPTBN5,Q9NRC6,Homo sapiens,Spectrin,3422,3488
5587,PABPC3,Q9H361,Homo sapiens,RRM_1,13,83
5588,PABPC3,Q9H361,Homo sapiens,RRM_1,101,168
5589,PABPC3,Q9H361,Homo sapiens,RRM_1,193,261
5590,PABPC3,Q9H361,Homo sapiens,RRM_1,296,363
5602,WDR33,Q9C0J8,Homo sapiens,WD40,193,230
5603,WDR33,Q9C0J8,Homo sapiens,WD40,238,266
5604,WDR33,Q9C0J8,Homo sapiens,WD40,278,316
5605,WDR33,Q9C0J8,Homo sapiens,WD40,323,359
5606,WDR33,Q9C0J8,Homo sapiens,WD40,373,402
5607,WDR33,Q9C0J8,Homo sapiens,PLD,602,661
5608,ZNF407,Q9C0G0,Homo sapiens,zf-C2H2,1628,1650
5609,ZNF407,Q9C0G0,Homo sapiens,zf-C2H2,1714,1736
5633,WDR77,Q9BQA1,Homo sapiens,WD40,160,196
5638,DCAF5,Q96JK2,Homo sapiens,WD40,49,81
5639,DCAF5,Q96JK2,Homo sapiens,WD40,139,171
5640,DCAF5,Q96JK2,Homo sapiens,WD40,328,361
5642,RBM17,Q96I25,Homo sapiens,RRM_1,329,383
5647,FUBP3,Q96I24,Homo sapiens,KH_1,79,141
5648,FUBP3,Q96I24,Homo sapiens,KH_1,165,230
5649,FUBP3,Q96I24,Homo sapiens,KH_1,256,319
5650,FUBP3,Q96I24,Homo sapiens,KH_1,358,423
5691,TTN,Q8WZ42,Homo sapiens,Pkinase,32178,32432
5692,TTN,Q8WZ42,Homo sapiens,fn3,14019,14102
5693,TTN,Q8WZ42,Homo sapiens,fn3,14120,14204
5694,TTN,Q8WZ42,Homo sapiens,fn3,14220,14305
5695,TTN,Q8WZ42,Homo sapiens,fn3,14416,14499
5696,TTN,Q8WZ42,Homo sapiens,fn3,14516,14600
5697,TTN,Q8WZ42,Homo sapiens,fn3,14713,14794
5698,TTN,Q8WZ42,Homo sapiens,fn3,14812,14896
5699,TTN,Q8WZ42,Homo sapiens,fn3,14913,14996
5700,TTN,Q8WZ42,Homo sapiens,fn3,15012,15094
5701,TTN,Q8WZ42,Homo sapiens,fn3,15113,15197
5702,TTN,Q8WZ42,Homo sapiens,fn3,15213,15299
5703,TTN,Q8WZ42,Homo sapiens,fn3,15411,15490
5704,TTN,Q8WZ42,Homo sapiens,fn3,15508,15593
5705,TTN,Q8WZ42,Homo sapiens,fn3,15731,15815
5706,TTN,Q8WZ42,Homo sapiens,fn3,15831,15915
5707,TTN,Q8WZ42,Homo sapiens,fn3,15932,16014
5708,TTN,Q8WZ42,Homo sapiens,fn3,16139,16207
5709,TTN,Q8WZ42,Homo sapiens,fn3,16224,16308
5710,TTN,Q8WZ42,Homo sapiens,fn3,16426,16509
5711,TTN,Q8WZ42,Homo sapiens,fn3,16528,16617
5712,TTN,Q8WZ42,Homo sapiens,fn3,16634,16720
5713,TTN,Q8WZ42,Homo sapiens,fn3,16841,16923
5714,TTN,Q8WZ42,Homo sapiens,fn3,16941,17030
5715,TTN,Q8WZ42,Homo sapiens,fn3,17146,17229
5716,TTN,Q8WZ42,Homo sapiens,fn3,17246,17334
5717,TTN,Q8WZ42,Homo sapiens,fn3,17351,17433
5718,TTN,Q8WZ42,Homo sapiens,fn3,17552,17627
5719,TTN,Q8WZ42,Homo sapiens,fn3,17646,17730
5720,TTN,Q8WZ42,Homo sapiens,fn3,17841,17921
5721,TTN,Q8WZ42,Homo sapiens,fn3,17940,18025
5722,TTN,Q8WZ42,Homo sapiens,fn3,18041,18126
5723,TTN,Q8WZ42,Homo sapiens,fn3,18239,18320
5724,TTN,Q8WZ42,Homo sapiens,fn3,18339,18418
5725,TTN,Q8WZ42,Homo sapiens,fn3,18534,18616
5726,TTN,Q8WZ42,Homo sapiens,fn3,18632,18716
5727,TTN,Q8WZ42,Homo sapiens,fn3,18733,18817
5728,TTN,Q8WZ42,Homo sapiens,fn3,18931,19011
5729,TTN,Q8WZ42,Homo sapiens,fn3,19030,19113
5730,TTN,Q8WZ42,Homo sapiens,fn3,19226,19308
5731,TTN,Q8WZ42,Homo sapiens,fn3,19325,19409
5732,TTN,Q8WZ42,Homo sapiens,fn3,19426,19515
5733,TTN,Q8WZ42,Homo sapiens,fn3,19628,19709
5734,TTN,Q8WZ42,Homo sapiens,fn3,19727,19809
5735,TTN,Q8WZ42,Homo sapiens,fn3,19925,20003
5736,TTN,Q8WZ42,Homo sapiens,fn3,20020,20105
5737,TTN,Q8WZ42,Homo sapiens,fn3,20118,20205
5738,TTN,Q8WZ42,Homo sapiens,fn3,20318,20399
5739,TTN,Q8WZ42,Homo sapiens,fn3,20422,20501
5740,TTN,Q8WZ42,Homo sapiens,fn3,20518,20603
5741,TTN,Q8WZ42,Homo sapiens,fn3,20716,20798
5742,TTN,Q8WZ42,Homo sapiens,fn3,20813,20894
5743,TTN,Q8WZ42,Homo sapiens,fn3,21009,21087
5744,TTN,Q8WZ42,Homo sapiens,fn3,21104,21189
5745,TTN,Q8WZ42,Homo sapiens,fn3,21202,21288
5746,TTN,Q8WZ42,Homo sapiens,fn3,21402,21484
5747,TTN,Q8WZ42,Homo sapiens,fn3,21501,21585
5748,TTN,Q8WZ42,Homo sapiens,fn3,21602,21686
5749,TTN,Q8WZ42,Homo sapiens,fn3,21797,21879
5750,TTN,Q8WZ42,Homo sapiens,fn3,21893,21974
5751,TTN,Q8WZ42,Homo sapiens,fn3,22089,22170
5752,TTN,Q8WZ42,Homo sapiens,fn3,22188,22272
5753,TTN,Q8WZ42,Homo sapiens,fn3,22285,22371
5754,TTN,Q8WZ42,Homo sapiens,fn3,22484,22567
5755,TTN,Q8WZ42,Homo sapiens,fn3,22583,22668
5756,TTN,Q8WZ42,Homo sapiens,fn3,22685,22769
5757,TTN,Q8WZ42,Homo sapiens,fn3,22881,22961
5758,TTN,Q8WZ42,Homo sapiens,fn3,22978,23059
5759,TTN,Q8WZ42,Homo sapiens,fn3,23170,23251
5760,TTN,Q8WZ42,Homo sapiens,fn3,23270,23354
5761,TTN,Q8WZ42,Homo sapiens,fn3,23367,23453
5762,TTN,Q8WZ42,Homo sapiens,fn3,23566,23649
5763,TTN,Q8WZ42,Homo sapiens,fn3,23665,23750
5764,TTN,Q8WZ42,Homo sapiens,fn3,23767,23850
5765,TTN,Q8WZ42,Homo sapiens,fn3,23962,24043
5766,TTN,Q8WZ42,Homo sapiens,fn3,24060,24140
5767,TTN,Q8WZ42,Homo sapiens,fn3,24252,24333
5768,TTN,Q8WZ42,Homo sapiens,fn3,24352,24436
5769,TTN,Q8WZ42,Homo sapiens,fn3,24450,24535
5770,TTN,Q8WZ42,Homo sapiens,fn3,24648,24731
5771,TTN,Q8WZ42,Homo sapiens,fn3,24748,24832
5772,TTN,Q8WZ42,Homo sapiens,fn3,24849,24933
5773,TTN,Q8WZ42,Homo sapiens,fn3,25045,25125
5774,TTN,Q8WZ42,Homo sapiens,fn3,25141,25223
5775,TTN,Q8WZ42,Homo sapiens,fn3,25334,25416
5776,TTN,Q8WZ42,Homo sapiens,fn3,25434,25518
5777,TTN,Q8WZ42,Homo sapiens,fn3,25531,25617
5778,TTN,Q8WZ42,Homo sapiens,fn3,25731,25814
5779,TTN,Q8WZ42,Homo sapiens,fn3,25831,25915
5780,TTN,Q8WZ42,Homo sapiens,fn3,25932,26016
5781,TTN,Q8WZ42,Homo sapiens,fn3,26127,26208
5782,TTN,Q8WZ42,Homo sapiens,fn3,26225,26305
5783,TTN,Q8WZ42,Homo sapiens,fn3,26417,26500
5784,TTN,Q8WZ42,Homo sapiens,fn3,26516,26598
5785,TTN,Q8WZ42,Homo sapiens,fn3,26613,26693
5786,TTN,Q8WZ42,Homo sapiens,fn3,26813,26895
5787,TTN,Q8WZ42,Homo sapiens,fn3,26911,26996
5788,TTN,Q8WZ42,Homo sapiens,fn3,27012,27096
5789,TTN,Q8WZ42,Homo sapiens,fn3,27207,27286
5790,TTN,Q8WZ42,Homo sapiens,fn3,27303,27384
5791,TTN,Q8WZ42,Homo sapiens,fn3,27499,27578
5792,TTN,Q8WZ42,Homo sapiens,fn3,27599,27683
5793,TTN,Q8WZ42,Homo sapiens,fn3,27697,27782
5794,TTN,Q8WZ42,Homo sapiens,fn3,27896,27978
5795,TTN,Q8WZ42,Homo sapiens,fn3,27995,28079
5796,TTN,Q8WZ42,Homo sapiens,fn3,28096,28180
5797,TTN,Q8WZ42,Homo sapiens,fn3,28297,28377
5798,TTN,Q8WZ42,Homo sapiens,fn3,28391,28471
5799,TTN,Q8WZ42,Homo sapiens,fn3,28587,28668
5800,TTN,Q8WZ42,Homo sapiens,fn3,28686,28770
5801,TTN,Q8WZ42,Homo sapiens,fn3,28783,28868
5802,TTN,Q8WZ42,Homo sapiens,fn3,28984,29063
5803,TTN,Q8WZ42,Homo sapiens,fn3,29080,29166
5804,TTN,Q8WZ42,Homo sapiens,fn3,29183,29265
5805,TTN,Q8WZ42,Homo sapiens,fn3,29378,29460
5806,TTN,Q8WZ42,Homo sapiens,fn3,29475,29556
5807,TTN,Q8WZ42,Homo sapiens,fn3,29675,29751
5808,TTN,Q8WZ42,Homo sapiens,fn3,29769,29854
5809,TTN,Q8WZ42,Homo sapiens,fn3,29867,29952
5810,TTN,Q8WZ42,Homo sapiens,fn3,30072,30150
5811,TTN,Q8WZ42,Homo sapiens,fn3,30169,30254
5812,TTN,Q8WZ42,Homo sapiens,fn3,30271,30356
5813,TTN,Q8WZ42,Homo sapiens,fn3,30470,30548
5814,TTN,Q8WZ42,Homo sapiens,fn3,30565,30647
5815,TTN,Q8WZ42,Homo sapiens,fn3,30762,30842
5816,TTN,Q8WZ42,Homo sapiens,fn3,30861,30945
5817,TTN,Q8WZ42,Homo sapiens,fn3,30962,31045
5818,TTN,Q8WZ42,Homo sapiens,fn3,31162,31238
5819,TTN,Q8WZ42,Homo sapiens,fn3,31261,31343
5820,TTN,Q8WZ42,Homo sapiens,fn3,31359,31442
5821,TTN,Q8WZ42,Homo sapiens,fn3,31652,31734
5822,TTN,Q8WZ42,Homo sapiens,fn3,31754,31838
5823,TTN,Q8WZ42,Homo sapiens,fn3,32050,32133
5831,TTN,Q8WZ42,Homo sapiens,I-set,6,97
5832,TTN,Q8WZ42,Homo sapiens,I-set,104,193
5833,TTN,Q8WZ42,Homo sapiens,I-set,944,1032
5834,TTN,Q8WZ42,Homo sapiens,I-set,1082,1171
5835,TTN,Q8WZ42,Homo sapiens,I-set,1293,1380
5836,TTN,Q8WZ42,Homo sapiens,I-set,1457,1547
5837,TTN,Q8WZ42,Homo sapiens,I-set,1556,1647
5838,TTN,Q8WZ42,Homo sapiens,I-set,1705,1794
5839,TTN,Q8WZ42,Homo sapiens,I-set,1842,1929
5840,TTN,Q8WZ42,Homo sapiens,I-set,2078,2168
5841,TTN,Q8WZ42,Homo sapiens,I-set,2175,2262
5842,TTN,Q8WZ42,Homo sapiens,I-set,2268,2343
5843,TTN,Q8WZ42,Homo sapiens,I-set,2358,2428
5844,TTN,Q8WZ42,Homo sapiens,I-set,2447,2519
5845,TTN,Q8WZ42,Homo sapiens,I-set,2534,2609
5846,TTN,Q8WZ42,Homo sapiens,I-set,2622,2703
5847,TTN,Q8WZ42,Homo sapiens,I-set,2708,2778
5848,TTN,Q8WZ42,Homo sapiens,I-set,2796,2877
5849,TTN,Q8WZ42,Homo sapiens,I-set,2883,2962
5850,TTN,Q8WZ42,Homo sapiens,I-set,2971,3050
5851,TTN,Q8WZ42,Homo sapiens,I-set,3059,3136
5852,TTN,Q8WZ42,Homo sapiens,I-set,3149,3223
5853,TTN,Q8WZ42,Homo sapiens,I-set,3239,3328
5854,TTN,Q8WZ42,Homo sapiens,I-set,3345,3432
5855,TTN,Q8WZ42,Homo sapiens,I-set,3504,3592
5856,TTN,Q8WZ42,Homo sapiens,I-set,3621,3711
5857,TTN,Q8WZ42,Homo sapiens,I-set,4289,4377
5858,TTN,Q8WZ42,Homo sapiens,I-set,4383,4472
5859,TTN,Q8WZ42,Homo sapiens,I-set,4478,4567
5860,TTN,Q8WZ42,Homo sapiens,I-set,4571,4660
5861,TTN,Q8WZ42,Homo sapiens,I-set,4675,4753
5862,TTN,Q8WZ42,Homo sapiens,I-set,4758,4842
5863,TTN,Q8WZ42,Homo sapiens,I-set,4851,4940
5864,TTN,Q8WZ42,Homo sapiens,I-set,4948,5033
5865,TTN,Q8WZ42,Homo sapiens,I-set,5040,5128
5866,TTN,Q8WZ42,Homo sapiens,I-set,5133,5222
5867,TTN,Q8WZ42,Homo sapiens,I-set,5235,5315
5868,TTN,Q8WZ42,Homo sapiens,I-set,5320,5408
5869,TTN,Q8WZ42,Homo sapiens,I-set,5413,5502
5870,TTN,Q8WZ42,Homo sapiens,I-set,5508,5595
5871,TTN,Q8WZ42,Homo sapiens,I-set,5602,5691
5872,TTN,Q8WZ42,Homo sapiens,I-set,5695,5784
5873,TTN,Q8WZ42,Homo sapiens,I-set,5788,5878
5874,TTN,Q8WZ42,Homo sapiens,I-set,5882,5969
5875,TTN,Q8WZ42,Homo sapiens,I-set,5975,6064
5876,TTN,Q8WZ42,Homo sapiens,I-set,6069,6157
5877,TTN,Q8WZ42,Homo sapiens,I-set,6164,6253
5878,TTN,Q8WZ42,Homo sapiens,I-set,6257,6346
5879,TTN,Q8WZ42,Homo sapiens,I-set,6350,6440
5880,TTN,Q8WZ42,Homo sapiens,I-set,6444,6532
5881,TTN,Q8WZ42,Homo sapiens,I-set,6537,6627
5882,TTN,Q8WZ42,Homo sapiens,I-set,6633,6720
5883,TTN,Q8WZ42,Homo sapiens,I-set,6727,6816
5884,TTN,Q8WZ42,Homo sapiens,I-set,6820,6909
5885,TTN,Q8WZ42,Homo sapiens,I-set,6915,6998
5886,TTN,Q8WZ42,Homo sapiens,I-set,7006,7091
5887,TTN,Q8WZ42,Homo sapiens,I-set,7102,7190
5888,TTN,Q8WZ42,Homo sapiens,I-set,7198,7287
5889,TTN,Q8WZ42,Homo sapiens,I-set,7291,7381
5890,TTN,Q8WZ42,Homo sapiens,I-set,7385,7473
5891,TTN,Q8WZ42,Homo sapiens,I-set,7478,7568
5892,TTN,Q8WZ42,Homo sapiens,I-set,7573,7661
5893,TTN,Q8WZ42,Homo sapiens,I-set,7668,7757
5894,TTN,Q8WZ42,Homo sapiens,I-set,7761,7850
5895,TTN,Q8WZ42,Homo sapiens,I-set,7855,7943
5896,TTN,Q8WZ42,Homo sapiens,I-set,7947,8035
5897,TTN,Q8WZ42,Homo sapiens,I-set,8043,8130
5898,TTN,Q8WZ42,Homo sapiens,I-set,8139,8228
5899,TTN,Q8WZ42,Homo sapiens,I-set,8232,8322
5900,TTN,Q8WZ42,Homo sapiens,I-set,8326,8409
5901,TTN,Q8WZ42,Homo sapiens,I-set,8419,8509
5902,TTN,Q8WZ42,Homo sapiens,I-set,8514,8602
5903,TTN,Q8WZ42,Homo sapiens,I-set,8609,8698
5904,TTN,Q8WZ42,Homo sapiens,I-set,8702,8790
5905,TTN,Q8WZ42,Homo sapiens,I-set,8796,8882
5906,TTN,Q8WZ42,Homo sapiens,I-set,8888,8977
5907,TTN,Q8WZ42,Homo sapiens,I-set,8984,9071
5908,TTN,Q8WZ42,Homo sapiens,I-set,9080,9169
5909,TTN,Q8WZ42,Homo sapiens,I-set,9176,9264
5910,TTN,Q8WZ42,Homo sapiens,I-set,9273,9362
5911,TTN,Q8WZ42,Homo sapiens,I-set,9383,9471
5912,TTN,Q8WZ42,Homo sapiens,I-set,9587,9657
5913,TTN,Q8WZ42,Homo sapiens,I-set,9675,9746
5914,TTN,Q8WZ42,Homo sapiens,I-set,9762,9848
5915,TTN,Q8WZ42,Homo sapiens,I-set,12059,12134
5916,TTN,Q8WZ42,Homo sapiens,I-set,12415,12488
5917,TTN,Q8WZ42,Homo sapiens,I-set,12502,12578
5918,TTN,Q8WZ42,Homo sapiens,I-set,12590,12669
5919,TTN,Q8WZ42,Homo sapiens,I-set,12769,12843
5920,TTN,Q8WZ42,Homo sapiens,I-set,12857,12937
5921,TTN,Q8WZ42,Homo sapiens,I-set,12945,13017
5922,TTN,Q8WZ42,Homo sapiens,I-set,13127,13197
5923,TTN,Q8WZ42,Homo sapiens,I-set,13213,13286
5924,TTN,Q8WZ42,Homo sapiens,I-set,13302,13376
5925,TTN,Q8WZ42,Homo sapiens,I-set,13391,13464
5926,TTN,Q8WZ42,Homo sapiens,I-set,13480,13552
5927,TTN,Q8WZ42,Homo sapiens,I-set,13569,13656
5928,TTN,Q8WZ42,Homo sapiens,I-set,13662,13735
5929,TTN,Q8WZ42,Homo sapiens,I-set,13751,13826
5930,TTN,Q8WZ42,Homo sapiens,I-set,13841,13916
5931,TTN,Q8WZ42,Homo sapiens,I-set,13927,14013
5932,TTN,Q8WZ42,Homo sapiens,I-set,14343,14411
5933,TTN,Q8WZ42,Homo sapiens,I-set,14626,14707
5934,TTN,Q8WZ42,Homo sapiens,I-set,15314,15403
5935,TTN,Q8WZ42,Homo sapiens,I-set,15615,15725
5936,TTN,Q8WZ42,Homo sapiens,I-set,16041,16120
5937,TTN,Q8WZ42,Homo sapiens,I-set,16334,16421
5938,TTN,Q8WZ42,Homo sapiens,I-set,16747,16835
5939,TTN,Q8WZ42,Homo sapiens,I-set,17053,17140
5940,TTN,Q8WZ42,Homo sapiens,I-set,17459,17539
5941,TTN,Q8WZ42,Homo sapiens,I-set,17754,17835
5942,TTN,Q8WZ42,Homo sapiens,I-set,18153,18233
5943,TTN,Q8WZ42,Homo sapiens,I-set,18445,18527
5944,TTN,Q8WZ42,Homo sapiens,I-set,18845,18925
5945,TTN,Q8WZ42,Homo sapiens,I-set,19137,19220
5946,TTN,Q8WZ42,Homo sapiens,I-set,19543,19622
5947,TTN,Q8WZ42,Homo sapiens,I-set,19832,19915
5948,TTN,Q8WZ42,Homo sapiens,I-set,20232,20312
5949,TTN,Q8WZ42,Homo sapiens,I-set,20630,20710
5950,TTN,Q8WZ42,Homo sapiens,I-set,20921,20999
5951,TTN,Q8WZ42,Homo sapiens,I-set,21315,21396
5952,TTN,Q8WZ42,Homo sapiens,I-set,21711,21790
5953,TTN,Q8WZ42,Homo sapiens,I-set,22002,22082
5954,TTN,Q8WZ42,Homo sapiens,I-set,22397,22478
5955,TTN,Q8WZ42,Homo sapiens,I-set,22797,22875
5956,TTN,Q8WZ42,Homo sapiens,I-set,23077,23164
5957,TTN,Q8WZ42,Homo sapiens,I-set,23479,23560
5958,TTN,Q8WZ42,Homo sapiens,I-set,23879,23957
5959,TTN,Q8WZ42,Homo sapiens,I-set,24163,24243
5960,TTN,Q8WZ42,Homo sapiens,I-set,24560,24642
5961,TTN,Q8WZ42,Homo sapiens,I-set,24959,25039
5962,TTN,Q8WZ42,Homo sapiens,I-set,25245,25328
5963,TTN,Q8WZ42,Homo sapiens,I-set,25644,25725
5964,TTN,Q8WZ42,Homo sapiens,I-set,26042,26122
5965,TTN,Q8WZ42,Homo sapiens,I-set,26324,26410
5966,TTN,Q8WZ42,Homo sapiens,I-set,26725,26806
5967,TTN,Q8WZ42,Homo sapiens,I-set,27121,27201
5968,TTN,Q8WZ42,Homo sapiens,I-set,27410,27491
5969,TTN,Q8WZ42,Homo sapiens,I-set,27808,27889
5970,TTN,Q8WZ42,Homo sapiens,I-set,28207,28289
5971,TTN,Q8WZ42,Homo sapiens,I-set,28498,28568
5972,TTN,Q8WZ42,Homo sapiens,I-set,28896,28975
5973,TTN,Q8WZ42,Homo sapiens,I-set,29292,29372
5974,TTN,Q8WZ42,Homo sapiens,I-set,29583,29664
5975,TTN,Q8WZ42,Homo sapiens,I-set,29984,30064
5976,TTN,Q8WZ42,Homo sapiens,I-set,30381,30461
5977,TTN,Q8WZ42,Homo sapiens,I-set,30672,30755
5978,TTN,Q8WZ42,Homo sapiens,I-set,31073,31151
5979,TTN,Q8WZ42,Homo sapiens,I-set,31461,31547
5980,TTN,Q8WZ42,Homo sapiens,I-set,31568,31646
5981,TTN,Q8WZ42,Homo sapiens,I-set,31855,31946
5982,TTN,Q8WZ42,Homo sapiens,I-set,31963,32045
5983,TTN,Q8WZ42,Homo sapiens,I-set,32502,32585
5984,TTN,Q8WZ42,Homo sapiens,I-set,32617,32709
5985,TTN,Q8WZ42,Homo sapiens,I-set,32722,32812
5986,TTN,Q8WZ42,Homo sapiens,I-set,33301,33390
5987,TTN,Q8WZ42,Homo sapiens,I-set,33489,33577
5988,TTN,Q8WZ42,Homo sapiens,I-set,33658,33732
5989,TTN,Q8WZ42,Homo sapiens,I-set,33779,33868
5990,TTN,Q8WZ42,Homo sapiens,I-set,33968,34052
5991,TTN,Q8WZ42,Homo sapiens,I-set,34061,34150
5992,TTN,Q8WZ42,Homo sapiens,I-set,34256,34347
6001,SRSF12,Q8WXF0,Homo sapiens,RRM_1,12,81
6010,SMG6,Q86US8,Homo sapiens,PLD,495,554
6072,RALY,Q5QPL9,Homo sapiens,RRM_1,23,85
6078,MAP3K19,Q56UN5,Homo sapiens,Pkinase,1062,1324
6104,ANK3,Q12955,Homo sapiens,Ank_2,48,136
6105,ANK3,Q12955,Homo sapiens,Ank_2,204,263
6106,ANK3,Q12955,Homo sapiens,Ank_2,267,326
6107,ANK3,Q12955,Homo sapiens,Ank_2,332,396
6108,ANK3,Q12955,Homo sapiens,Ank_2,503,592
6109,ANK3,Q12955,Homo sapiens,Ank_2,669,759
6134,RBM10,P98175,Homo sapiens,RRM_1,132,190
6152,FXR2,P51116,Homo sapiens,KH_1,295,362
6266,IGF2BP3,O00425,Homo sapiens,RRM_1,4,68
6267,IGF2BP3,O00425,Homo sapiens,RRM_1,85,150
6268,IGF2BP3,O00425,Homo sapiens,KH_1,199,261
6269,IGF2BP3,O00425,Homo sapiens,KH_1,280,344
6270,IGF2BP3,O00425,Homo sapiens,KH_1,408,470
6271,IGF2BP3,O00425,Homo sapiens,KH_1,491,555
6287,SRSF1,J3KTL2,Homo sapiens,RRM_1,18,85
6288,SRSF1,J3KTL2,Homo sapiens,RRM_1,123,184
6294,DDX5,J3KTA4,Homo sapiens,PLD,531,590
6304,SRPK1,H3BLV9,Homo sapiens,Pkinase,96,242
6305,SRPK1,H3BLV9,Homo sapiens,Pkinase,505,669
6309,SRSF9,H0YIB4,Homo sapiens,RRM_1,4,62
6319,HNRNPD,H0Y8G5,Homo sapiens,RRM_1,33,100
6320,HNRNPD,H0Y8G5,Homo sapiens,RRM_1,117,177
6321,HNRNPD,H0Y8G5,Homo sapiens,PLD,195,254
6324,RBMX,H0Y6E7,Homo sapiens,RRM_1,12,82
6329,HNRNPH1,G8JLB6,Homo sapiens,RRM_1,14,82
6330,HNRNPH1,G8JLB6,Homo sapiens,RRM_1,114,181
6331,HNRNPH1,G8JLB6,Homo sapiens,RRM_1,293,355
6333,HNRNPH1,G8JLB6,Homo sapiens,PLD,388,447
6338,HNRNPC,G3V4C1,Homo sapiens,RRM_1,18,80
6341,CAPRIN1,G3V153,Homo sapiens,PLD,456,515
6342,IGF2BP2,F8W930,Homo sapiens,RRM_1,5,62
6343,IGF2BP2,F8W930,Homo sapiens,RRM_1,86,154
6344,IGF2BP2,F8W930,Homo sapiens,KH_1,202,266
6345,IGF2BP2,F8W930,Homo sapiens,KH_1,284,348
6346,IGF2BP2,F8W930,Homo sapiens,KH_1,438,498
6347,IGF2BP2,F8W930,Homo sapiens,KH_1,519,583
6355,ROCK2,E9PF63,Homo sapiens,Pkinase,5,111
6358,U2SURP,E7ET15,Homo sapiens,RRM_1,275,347
6366,RNPC2,E1P5S2,Homo sapiens,RRM_1,6,62
6367,RNPC2,E1P5S2,Homo sapiens,RRM_1,95,165
6370,HNRNPAB,D6R9P3,Homo sapiens,RRM_1,73,139
6371,HNRNPAB,D6R9P3,Homo sapiens,RRM_1,156,215
6376,HNRNPUL1,B7Z4B8,Homo sapiens,PLD,554,613
6379,FXR1,B4DXZ6,Homo sapiens,KH_1,208,263
6380,FXR1,B4DXZ6,Homo sapiens,KH_1,272,338
7618,IGF2BP2,Q9Y6M1,Homo sapiens,RRM_1,5,62
7619,IGF2BP2,Q9Y6M1,Homo sapiens,RRM_1,86,148
7620,IGF2BP2,Q9Y6M1,Homo sapiens,KH_1,196,260
7621,IGF2BP2,Q9Y6M1,Homo sapiens,KH_1,278,342
7622,IGF2BP2,Q9Y6M1,Homo sapiens,KH_1,432,492
7623,IGF2BP2,Q9Y6M1,Homo sapiens,KH_1,513,577
7630,PUF60,Q9UHX1,Homo sapiens,RRM_1,131,201
7631,PUF60,Q9UHX1,Homo sapiens,RRM_1,228,297
7658,SMG7,Q92540,Homo sapiens,PLD,711,770
7665,DMKN,Q6E0U4,Homo sapiens,PLD,236,295
7671,TUT4,Q5TAX3,Homo sapiens,PLD,1431,1490
7681,SPTAN1,Q13813,Homo sapiens,Spectrin,45,146
7682,SPTAN1,Q13813,Homo sapiens,Spectrin,150,251
7683,SPTAN1,Q13813,Homo sapiens,Spectrin,256,358
7684,SPTAN1,Q13813,Homo sapiens,Spectrin,361,465
7685,SPTAN1,Q13813,Homo sapiens,Spectrin,468,570
7686,SPTAN1,Q13813,Homo sapiens,Spectrin,574,676
7687,SPTAN1,Q13813,Homo sapiens,Spectrin,679,781
7688,SPTAN1,Q13813,Homo sapiens,Spectrin,785,888
7689,SPTAN1,Q13813,Homo sapiens,Spectrin,891,969
7690,SPTAN1,Q13813,Homo sapiens,Spectrin,1096,1166
7691,SPTAN1,Q13813,Homo sapiens,Spectrin,1233,1336
7692,SPTAN1,Q13813,Homo sapiens,Spectrin,1339,1442
7693,SPTAN1,Q13813,Homo sapiens,Spectrin,1446,1549
7694,SPTAN1,Q13813,Homo sapiens,Spectrin,1552,1656
7695,SPTAN1,Q13813,Homo sapiens,Spectrin,1659,1762
7696,SPTAN1,Q13813,Homo sapiens,Spectrin,1764,1868
7697,SPTAN1,Q13813,Homo sapiens,Spectrin,1871,1974
7698,SPTAN1,Q13813,Homo sapiens,Spectrin,1978,2081
7699,SPTAN1,Q13813,Homo sapiens,Spectrin,2092,2194
7700,SPTAN1,Q13813,Homo sapiens,Spectrin,2206,2310
7726,ELAVL2,Q12926,Homo sapiens,RRM_1,41,111
7727,ELAVL2,Q12926,Homo sapiens,RRM_1,127,193
7728,ELAVL2,Q12926,Homo sapiens,RRM_1,278,347
7751,SPTBN1,Q01082,Homo sapiens,Spectrin,303,411
7752,SPTBN1,Q01082,Homo sapiens,Spectrin,423,525
7753,SPTBN1,Q01082,Homo sapiens,Spectrin,530,636
7754,SPTBN1,Q01082,Homo sapiens,Spectrin,639,742
7755,SPTBN1,Q01082,Homo sapiens,Spectrin,745,847
7756,SPTBN1,Q01082,Homo sapiens,Spectrin,850,952
7757,SPTBN1,Q01082,Homo sapiens,Spectrin,957,1060
7758,SPTBN1,Q01082,Homo sapiens,Spectrin,1063,1166
7759,SPTBN1,Q01082,Homo sapiens,Spectrin,1170,1258
7760,SPTBN1,Q01082,Homo sapiens,Spectrin,1276,1376
7761,SPTBN1,Q01082,Homo sapiens,Spectrin,1381,1482
7762,SPTBN1,Q01082,Homo sapiens,Spectrin,1486,1590
7763,SPTBN1,Q01082,Homo sapiens,Spectrin,1592,1696
7764,SPTBN1,Q01082,Homo sapiens,Spectrin,1698,1801
7765,SPTBN1,Q01082,Homo sapiens,Spectrin,1805,1907
7766,SPTBN1,Q01082,Homo sapiens,Spectrin,1914,2014
7767,SPTBN1,Q01082,Homo sapiens,Spectrin,2018,2097
7795,RBM25,P49756,Homo sapiens,RRM_1,89,157
7829,HNRNPCL1,O60812,Homo sapiens,RRM_1,18,79
7830,MSI1,O43347,Homo sapiens,RRM_1,23,89
7831,MSI1,O43347,Homo sapiens,RRM_1,111,177
7849,STRAP,Q9Y3F4,Homo sapiens,WD40,52,87
7850,STRAP,Q9Y3F4,Homo sapiens,WD40,94,128
7851,STRAP,Q9Y3F4,Homo sapiens,WD40,138,170
7852,STRAP,Q9Y3F4,Homo sapiens,WD40,256,292
7872,NOVA2,Q9UNW9,Homo sapiens,KH_1,36,95
7873,NOVA2,Q9UNW9,Homo sapiens,KH_1,134,197
7874,NOVA2,Q9UNW9,Homo sapiens,KH_1,410,474
7875,CORO1C,Q9ULV4,Homo sapiens,WD40,76,108
7876,CORO1C,Q9ULV4,Homo sapiens,WD40,122,159
7877,CORO1C,Q9ULV4,Homo sapiens,WD40,173,202
7907,PEF1,Q9UBV8,Homo sapiens,PLD,55,114
7912,MYEF2,Q9P2K5,Homo sapiens,RRM_1,102,171
7913,MYEF2,Q9P2K5,Homo sapiens,RRM_1,235,303
7914,MYEF2,Q9P2K5,Homo sapiens,RRM_1,525,592
7916,CNOT2,Q9NZN8,Homo sapiens,PLD,156,215
7922,TNRC6C,Q9HCJ0,Homo sapiens,RRM_1,1516,1579
7928,TNRC6C,Q9HCJ0,Homo sapiens,PLD,136,195
7952,WNK1,Q9H4A3,Homo sapiens,Pkinase,226,479
7954,WNK1,Q9H4A3,Homo sapiens,PLD,699,758
7958,RBM38,Q9H0Z9,Homo sapiens,RRM_1,36,93
7980,LYST,Q99698,Homo sapiens,WD40,3608,3644
8004,QKI,Q96PU8,Homo sapiens,KH_1,97,133
8015,MSI2,Q96DH6,Homo sapiens,RRM_1,24,90
8016,MSI2,Q96DH6,Homo sapiens,RRM_1,112,178
8022,FUBP1,Q96AE4,Homo sapiens,KH_1,102,165
8023,FUBP1,Q96AE4,Homo sapiens,KH_1,188,253
8024,FUBP1,Q96AE4,Homo sapiens,KH_1,280,340
8025,FUBP1,Q96AE4,Homo sapiens,KH_1,381,445
8028,FUBP1,Q96AE4,Homo sapiens,PLD,518,577
8031,KHSRP,Q92945,Homo sapiens,KH_1,146,209
8032,KHSRP,Q92945,Homo sapiens,KH_1,236,301
8033,KHSRP,Q92945,Homo sapiens,KH_1,327,387
8034,KHSRP,Q92945,Homo sapiens,KH_1,428,493
8049,CELF1,Q92879,Homo sapiens,RRM_1,19,84
8050,CELF1,Q92879,Homo sapiens,RRM_1,110,174
8051,CELF1,Q92879,Homo sapiens,RRM_1,403,473
8059,GTF3C2,Q8WUA4,Homo sapiens,WD40,608,642
8063,PNPT1,Q8TCS8,Homo sapiens,KH_1,608,665
8094,RBM12B,Q8IXT5,Homo sapiens,RRM_1,288,353
8095,RBM12B,Q8IXT5,Homo sapiens,RRM_1,402,470
8138,ELP2,Q6IA86,Homo sapiens,WD40,51,90
8139,ELP2,Q6IA86,Homo sapiens,WD40,198,237
8140,ELP2,Q6IA86,Homo sapiens,WD40,381,414
8141,ELP2,Q6IA86,Homo sapiens,WD40,605,642
8142,ELP2,Q6IA86,Homo sapiens,WD40,665,696
8160,CELF3,Q5SZQ8,Homo sapiens,RRM_1,9,76
8161,CELF3,Q5SZQ8,Homo sapiens,RRM_1,97,161
8162,CELF3,Q5SZQ8,Homo sapiens,RRM_1,382,452
8178,SF1,Q15637,Homo sapiens,KH_1,140,223
8180,SF1,Q15637,Homo sapiens,PLD,501,560
8204,RBMS2,Q15434,Homo sapiens,RRM_1,58,118
8205,RBMS2,Q15434,Homo sapiens,RRM_1,137,201
8208,PCBP2,Q15366,Homo sapiens,KH_1,15,76
8209,PCBP2,Q15366,Homo sapiens,KH_1,99,162
8210,PCBP2,Q15366,Homo sapiens,KH_1,290,352
8224,R3HDM1,Q15032,Homo sapiens,PLD,663,722
8243,CLINT1,Q14677,Homo sapiens,PLD,498,557
8244,ELAVL3,Q14576,Homo sapiens,RRM_1,41,111
8245,ELAVL3,Q14576,Homo sapiens,RRM_1,127,190
8246,ELAVL3,Q14576,Homo sapiens,RRM_1,286,355
8250,CAPRIN1,Q14444,Homo sapiens,PLD,537,596
8281,EIF3I,Q13347,Homo sapiens,WD40,6,37
8282,EIF3I,Q13347,Homo sapiens,WD40,43,80
8283,EIF3I,Q13347,Homo sapiens,WD40,280,311
8284,SRSF9,Q13242,Homo sapiens,RRM_1,16,83
8285,SRSF9,Q13242,Homo sapiens,RRM_1,113,174
8294,GRSF1,Q12849,Homo sapiens,RRM_1,253,319
8322,MTPN,P58546,Homo sapiens,Ank_2,6,97
8335,EIF3B,P55884,Homo sapiens,RRM_1,207,257
8348,SEC24C,P53992,Homo sapiens,PLD,1,60
8391,FXR1,P51114,Homo sapiens,KH_1,285,351
8411,ANXA11,P50995,Homo sapiens,PLD,88,147
8423,YLPM1,P49750,Homo sapiens,PLD,156,215
8465,COPB2,P35606,Homo sapiens,WD40,92,127
8466,COPB2,P35606,Homo sapiens,WD40,132,170
8467,COPB2,P35606,Homo sapiens,WD40,177,215
8468,COPB2,P35606,Homo sapiens,WD40,220,256
8478,RBMS1,P29558,Homo sapiens,RRM_1,64,124
8479,RBMS1,P29558,Homo sapiens,RRM_1,143,207
8496,ELAVL4,P26378,Homo sapiens,RRM_1,53,123
8497,ELAVL4,P26378,Homo sapiens,RRM_1,139,204
8498,ELAVL4,P26378,Homo sapiens,RRM_1,304,373
8499,EIF4B,P23588,Homo sapiens,RRM_1,99,167
8501,TNXB,P22105,Homo sapiens,fn3,756,829
8502,TNXB,P22105,Homo sapiens,fn3,843,914
8503,TNXB,P22105,Homo sapiens,fn3,1066,1136
8504,TNXB,P22105,Homo sapiens,fn3,1163,1233
8505,TNXB,P22105,Homo sapiens,fn3,1266,1342
8506,TNXB,P22105,Homo sapiens,fn3,1377,1446
8507,TNXB,P22105,Homo sapiens,fn3,1478,1548
8508,TNXB,P22105,Homo sapiens,fn3,1581,1645
8509,TNXB,P22105,Homo sapiens,fn3,1679,1744
8510,TNXB,P22105,Homo sapiens,fn3,1781,1849
8511,TNXB,P22105,Homo sapiens,fn3,1885,1955
8512,TNXB,P22105,Homo sapiens,fn3,1991,2061
8513,TNXB,P22105,Homo sapiens,fn3,2100,2169
8514,TNXB,P22105,Homo sapiens,fn3,2199,2269
8515,TNXB,P22105,Homo sapiens,fn3,2307,2378
8516,TNXB,P22105,Homo sapiens,fn3,2416,2485
8517,TNXB,P22105,Homo sapiens,fn3,2527,2596
8518,TNXB,P22105,Homo sapiens,fn3,2632,2707
8519,TNXB,P22105,Homo sapiens,fn3,2741,2810
8520,TNXB,P22105,Homo sapiens,fn3,2848,2923
8521,TNXB,P22105,Homo sapiens,fn3,2957,3026
8522,TNXB,P22105,Homo sapiens,fn3,3064,3135
8523,TNXB,P22105,Homo sapiens,fn3,3171,3240
8524,TNXB,P22105,Homo sapiens,fn3,3266,3331
8525,TNXB,P22105,Homo sapiens,fn3,3359,3432
8526,TNXB,P22105,Homo sapiens,fn3,3453,3520
8527,TNXB,P22105,Homo sapiens,fn3,3562,3630
8528,TNXB,P22105,Homo sapiens,fn3,3658,3737
8529,TNXB,P22105,Homo sapiens,fn3,3758,3831
8530,TNXB,P22105,Homo sapiens,fn3,3848,3919
8531,TNXB,P22105,Homo sapiens,fn3,3935,4007
8548,ANXA7,P20073,Homo sapiens,PLD,88,147
8554,NELFE,P18615,Homo sapiens,RRM_1,269,323
8558,PABPC4L,P0CB38,Homo sapiens,RRM_1,12,82
8559,PABPC4L,P0CB38,Homo sapiens,RRM_1,100,166
8560,PABPC4L,P0CB38,Homo sapiens,RRM_1,192,259
8561,PABPC4L,P0CB38,Homo sapiens,RRM_1,295,362
8589,PTBP3,O95758,Homo sapiens,RRM_1,479,539
8595,CELF2,O95319,Homo sapiens,RRM_1,43,111
8596,CELF2,O95319,Homo sapiens,RRM_1,134,198
8597,CELF2,O95319,Homo sapiens,RRM_1,425,495
8606,EIF3G,O75821,Homo sapiens,RRM_1,241,304
8628,EIF4G3,O43432,Homo sapiens,PLD,62,121
8639,FAM168B,A1KXE4,Homo sapiens,PLD,40,99
8644,ANKHD1,Q8IWZ3,Homo sapiens,KH_1,1699,1760
8645,ANKHD1,Q8IWZ3,Homo sapiens,Ank_2,293,366
8646,ANKHD1,Q8IWZ3,Homo sapiens,Ank_2,371,433
8647,ANKHD1,Q8IWZ3,Homo sapiens,Ank_2,439,500
8648,ANKHD1,Q8IWZ3,Homo sapiens,Ank_2,539,629
8649,ANKHD1,Q8IWZ3,Homo sapiens,Ank_2,633,690
8650,ANKHD1,Q8IWZ3,Homo sapiens,Ank_2,1046,1117
8651,ANKHD1,Q8IWZ3,Homo sapiens,Ank_2,1122,1184
8652,ANKHD1,Q8IWZ3,Homo sapiens,Ank_2,1194,1285
8653,ANKHD1,Q8IWZ3,Homo sapiens,Ank_2,1296,1379
8666,ANKRD17,O75179,Homo sapiens,KH_1,1728,1790
8667,ANKRD17,O75179,Homo sapiens,Ank_2,238,330
8668,ANKRD17,O75179,Homo sapiens,Ank_2,400,462
8669,ANKRD17,O75179,Homo sapiens,Ank_2,468,529
8670,ANKRD17,O75179,Homo sapiens,Ank_2,568,659
8671,ANKRD17,O75179,Homo sapiens,Ank_2,663,719
8672,ANKRD17,O75179,Homo sapiens,Ank_2,1075,1145
8673,ANKRD17,O75179,Homo sapiens,Ank_2,1150,1212
8674,ANKRD17,O75179,Homo sapiens,Ank_2,1222,1313
8675,ANKRD17,O75179,Homo sapiens,Ank_2,1324,1407
8689,BICC1,Q9H694,Homo sapiens,KH_1,134,201
8690,BICC1,Q9H694,Homo sapiens,KH_1,287,349
8702,CNOT4,O95628,Homo sapiens,RRM_1,130,187
8750,FNDC3B,Q53EP0,Homo sapiens,fn3,280,361
8751,FNDC3B,Q53EP0,Homo sapiens,fn3,382,463
8752,FNDC3B,Q53EP0,Homo sapiens,fn3,478,559
8753,FNDC3B,Q53EP0,Homo sapiens,fn3,574,656
8754,FNDC3B,Q53EP0,Homo sapiens,fn3,684,755
8755,FNDC3B,Q53EP0,Homo sapiens,fn3,783,849
8756,FNDC3B,Q53EP0,Homo sapiens,fn3,886,947
8757,FNDC3B,Q53EP0,Homo sapiens,fn3,961,1042
8758,FNDC3B,Q53EP0,Homo sapiens,fn3,1057,1129
8773,IBTK,Q9P2D0,Homo sapiens,Ank_2,31,116
8820,MEX3D,Q86XN8,Homo sapiens,KH_1,181,241
8821,MEX3D,Q86XN8,Homo sapiens,KH_1,275,335
8861,R3HDM2,Q9Y2K5,Homo sapiens,PLD,524,583
8864,RBM47,A0AV96,Homo sapiens,RRM_1,73,137
8865,RBM47,A0AV96,Homo sapiens,RRM_1,153,214
8866,RBM47,A0AV96,Homo sapiens,RRM_1,248,311
8873,SMAP2,Q8WU79,Homo sapiens,PLD,358,417
8915,ZCCHC2,Q9C0B9,Homo sapiens,PLD,1056,1115
8934,RPS6KL1,Q9Y6S9,Homo sapiens,Pkinase,383,539
8936,MAP3K4,Q9Y6R4,Homo sapiens,Pkinase,1344,1601
8937,CSNK1G3,Q9Y6M4,Homo sapiens,Pkinase,44,258
8946,STK24,Q9Y6E0,Homo sapiens,Pkinase,36,286
8948,IRAK3,Q9Y616,Homo sapiens,Pkinase,166,441
8967,MAP3K2,Q9Y2U5,Homo sapiens,Pkinase,358,615
8970,STK38L,Q9Y2H1,Homo sapiens,Pkinase,90,383
8974,AKT3,Q9Y243,Homo sapiens,Pkinase,150,405
8979,CAMK2A,Q9UQM7,Homo sapiens,Pkinase,13,271
8983,MOK,Q9UQ07,Homo sapiens,Pkinase,4,285
8984,CILK1,Q9UPZ9,Homo sapiens,Pkinase,4,284
9013,TNIK,Q9UKE5,Homo sapiens,Pkinase,25,289
9047,DAPK2,Q9UIK4,Homo sapiens,Pkinase,23,285
9059,STK17A,Q9UEE5,Homo sapiens,Pkinase,65,321
9108,EIF2AK3,Q9NZJ5,Homo sapiens,Pkinase,594,660
9109,EIF2AK3,Q9NZJ5,Homo sapiens,Pkinase,881,1075
9112,PLK2,Q9NYY3,Homo sapiens,Pkinase,84,334
9115,CDK12,Q9NYV4,Homo sapiens,Pkinase,729,1020
9123,BMP2K,Q9NSY1,Homo sapiens,Pkinase,54,310
9125,BMP2K,Q9NSY1,Homo sapiens,PLD,458,517
9129,LATS2,Q9NRM7,Homo sapiens,Pkinase,669,818
9130,LATS2,Q9NRM7,Homo sapiens,Pkinase,864,973
9135,DYRK4,Q9NR20,Homo sapiens,Pkinase,104,400
9138,PTPRH,Q9HD43,Homo sapiens,fn3,31,100
9139,PTPRH,Q9HD43,Homo sapiens,fn3,121,187
9140,PTPRH,Q9HD43,Homo sapiens,fn3,210,279
9141,PTPRH,Q9HD43,Homo sapiens,fn3,299,366
9142,PTPRH,Q9HD43,Homo sapiens,fn3,388,462
9143,PTPRH,Q9HD43,Homo sapiens,fn3,568,650
9144,NEK6,Q9HC98,Homo sapiens,Pkinase,45,296
9145,SGK2,Q9HBY8,Homo sapiens,Pkinase,97,352
9147,CLK4,Q9HAZ1,Homo sapiens,Pkinase,159,475
9151,PEAK1,Q9H792,Homo sapiens,Pkinase,1476,1659
9152,PLK3,Q9H4B4,Homo sapiens,Pkinase,64,314
9162,SIK2,Q9H0K1,Homo sapiens,Pkinase,20,271
9168,STRADB,Q9C0K7,Homo sapiens,Pkinase,58,369
9171,DCLK3,Q9C098,Homo sapiens,Pkinase,356,613
9176,PPP1R12C,Q9BZL4,Homo sapiens,Ank_2,95,162
9177,PPP1R12C,Q9BZL4,Homo sapiens,Ank_2,223,283
9181,STK33,Q9BYT3,Homo sapiens,Pkinase,116,381
9182,WNK3,Q9BYP7,Homo sapiens,Pkinase,152,405
9189,CDK19,Q9BWU1,Homo sapiens,Pkinase,26,335
9190,CDK19,Q9BWU1,Homo sapiens,PLD,371,430
9193,MKNK1,Q9BUB5,Homo sapiens,Pkinase,52,164
9194,MKNK1,Q9BUB5,Homo sapiens,Pkinase,205,374
9200,EIF2AK1,Q9BQI3,Homo sapiens,Pkinase,167,239
9201,EIF2AK1,Q9BQI3,Homo sapiens,Pkinase,380,583
9204,HINFP,Q9BQA5,Homo sapiens,zf-C2H2,255,278
9205,HINFP,Q9BQA5,Homo sapiens,zf-C2H2,345,368
9211,MAP3K3,Q99759,Homo sapiens,Pkinase,364,621
9216,GFI1,Q99684,Homo sapiens,zf-C2H2,255,278
9217,GFI1,Q99684,Homo sapiens,zf-C2H2,284,306
9218,GFI1,Q99684,Homo sapiens,zf-C2H2,312,334
9219,GFI1,Q99684,Homo sapiens,zf-C2H2,340,362
9220,GFI1,Q99684,Homo sapiens,zf-C2H2,368,390
9221,GFI1,Q99684,Homo sapiens,zf-C2H2,398,419
9222,PKMYT1,Q99640,Homo sapiens,Pkinase,110,358
9225,PIK3R4,Q99570,Homo sapiens,Pkinase,27,310
9226,PIK3R4,Q99570,Homo sapiens,WD40,986,1021
9227,PIK3R4,Q99570,Homo sapiens,WD40,1327,1358
9228,MAP3K14,Q99558,Homo sapiens,Pkinase,405,644
9231,PPP1R16B,Q96T49,Homo sapiens,Ank_2,74,161
9232,PPP1R16B,Q96T49,Homo sapiens,Ank_2,216,290
9234,RPS6KC1,Q96S38,Homo sapiens,Pkinase,895,1056
9237,TRIB3,Q96RU7,Homo sapiens,Pkinase,81,315
9240,CAMKK2,Q96RR4,Homo sapiens,Pkinase,165,446
9246,PSKH2,Q96QS6,Homo sapiens,Pkinase,63,320
9257,TSSK2,Q96PF2,Homo sapiens,Pkinase,17,272
9258,CAMK1G,Q96NX5,Homo sapiens,Pkinase,26,277
9263,MARK4,Q96L34,Homo sapiens,Pkinase,59,310
9269,WNK4,Q96J92,Homo sapiens,Pkinase,179,432
9277,ULK4,Q96C45,Homo sapiens,Pkinase,7,279
9287,MAP4K1,Q92918,Homo sapiens,Pkinase,17,273
9296,KAT6A,Q92794,Homo sapiens,PLD,1912,1971
9309,CREBBP,Q92793,Homo sapiens,PLD,2199,2258
9331,PTPRU,Q92729,Homo sapiens,fn3,291,365
9332,PTPRU,Q92729,Homo sapiens,fn3,494,577
9339,DYRK2,Q92630,Homo sapiens,Pkinase,222,535
9341,TRIB2,Q92519,Homo sapiens,Pkinase,107,308
9346,ASB10,Q8WXI3,Homo sapiens,Ank_2,117,178
9347,ASB10,Q8WXI3,Homo sapiens,Ank_2,189,257
9348,ASB10,Q8WXI3,Homo sapiens,Ank_2,275,357
9359,STK32A,Q8WU08,Homo sapiens,Pkinase,23,280
9365,NEK7,Q8TDX7,Homo sapiens,Pkinase,35,286
9366,MAPK15,Q8TD08,Homo sapiens,Pkinase,16,304
9368,NEDD1,Q8NHV4,Homo sapiens,WD40,29,60
9373,ANKK1,Q8NFD2,Homo sapiens,Ank_2,358,425
9374,ANKK1,Q8NFD2,Homo sapiens,Ank_2,432,523
9375,ANKK1,Q8NFD2,Homo sapiens,Ank_2,592,654
9376,ANKK1,Q8NFD2,Homo sapiens,Ank_2,663,744
9381,CSNK1A1L,Q8N752,Homo sapiens,Pkinase,17,233
9388,CAMKK1,Q8N5S9,Homo sapiens,Pkinase,128,409
9390,FGFRL1,Q8N441,Homo sapiens,I-set,35,116
9391,FGFRL1,Q8N441,Homo sapiens,I-set,160,238
9402,STK40,Q8N2I9,Homo sapiens,Pkinase,81,326
9411,CDK20,Q8IZL9,Homo sapiens,Pkinase,7,288
9412,ULK2,Q8IYT8,Homo sapiens,Pkinase,9,271
9416,BRSK2,Q8IWQ3,Homo sapiens,Pkinase,19,269
9418,TEX14,Q8IWB6,Homo sapiens,Ank_2,27,116
9425,MAP4K3,Q8IVH8,Homo sapiens,Pkinase,16,273
9427,VRK3,Q8IV63,Homo sapiens,Pkinase,250,406
9445,PIM3,Q86V86,Homo sapiens,Pkinase,40,293
9463,TLK2,Q86UE8,Homo sapiens,Pkinase,465,741
9469,NEK8,Q86SG6,Homo sapiens,Pkinase,4,256
9472,NRK,Q7Z2Y5,Homo sapiens,Pkinase,26,313
9475,STRADA,Q7RTN6,Homo sapiens,Pkinase,69,379
9489,TSSK4,Q6SA08,Homo sapiens,Pkinase,25,293
9490,ULK3,Q6PHR2,Homo sapiens,Pkinase,17,270
9497,SCYL2,Q6P3W7,Homo sapiens,Pkinase,42,327
9498,SCYL2,Q6P3W7,Homo sapiens,PLD,852,911
9502,CDC42BPG,Q6DT37,Homo sapiens,Pkinase,71,337
9509,CDC42BPA,Q5VT25,Homo sapiens,Pkinase,77,343
9534,LRRK2,Q5S007,Homo sapiens,Pkinase,1885,2129
9543,EPHA10,Q5JZY3,Homo sapiens,fn3,339,432
9544,EPHA10,Q5JZY3,Homo sapiens,fn3,464,533
9551,MYLK3,Q32MK0,Homo sapiens,Pkinase,518,770
9568,AAK1,Q2M2I8,Homo sapiens,Pkinase,48,307
9569,AAK1,Q2M2I8,Homo sapiens,PLD,519,578
9581,PTPRO,Q16827,Homo sapiens,fn3,435,521
9582,PTPRO,Q16827,Homo sapiens,fn3,725,799
9591,MAPK6,Q16659,Homo sapiens,Pkinase,20,316
9592,MAPKAPK3,Q16644,Homo sapiens,Pkinase,47,304
9596,NTRK2,Q16620,Homo sapiens,I-set,204,283
9597,NTRK2,Q16620,Homo sapiens,I-set,305,375
9600,CAMK4,Q16566,Homo sapiens,Pkinase,46,300
9601,MAPK14,Q16539,Homo sapiens,Pkinase,24,308
9604,PKN1,Q16512,Homo sapiens,Pkinase,616,874
9617,NTRK3,Q16288,Homo sapiens,I-set,323,391
9624,ZFHX3,Q15911,Homo sapiens,zf-C2H2,1596,1620
9625,STK11,Q15831,Homo sapiens,Pkinase,53,309
9630,EPHA7,Q15375,Homo sapiens,fn3,333,422
9631,EPHA7,Q15375,Homo sapiens,fn3,451,527
9634,RPS6KA2,Q15349,Homo sapiens,Pkinase,59,318
9635,RPS6KA2,Q15349,Homo sapiens,Pkinase,415,672
9643,STK38,Q15208,Homo sapiens,Pkinase,89,369
9645,PRKD1,Q15139,Homo sapiens,Pkinase,587,839
9649,CDK10,Q15131,Homo sapiens,Pkinase,39,323
9687,CAMK1,Q14012,Homo sapiens,Pkinase,22,276
9695,ACVR2B,Q13705,Homo sapiens,Pkinase,198,471
9701,DGKZ,Q13574,Homo sapiens,Ank_2,983,1077
9702,CAMK2G,Q13555,Homo sapiens,Pkinase,14,272
9706,PRPF4B,Q13523,Homo sapiens,Pkinase,692,1003
9719,PTK7,Q13308,Homo sapiens,I-set,347,408
9720,PTK7,Q13308,Homo sapiens,I-set,415,498
9721,PTK7,Q13308,Homo sapiens,I-set,593,679
9726,PRKAA1,Q13131,Homo sapiens,Pkinase,30,279
9742,MAP4K2,Q12851,Homo sapiens,Pkinase,16,272
9772,RNASEL,Q05823,Homo sapiens,Pkinase,386,513
9774,RNASEL,Q05823,Homo sapiens,Ank_2,26,87
9775,RNASEL,Q05823,Homo sapiens,Ank_2,91,154
9776,RNASEL,Q05823,Homo sapiens,Ank_2,217,299
9782,PRKCD,Q05655,Homo sapiens,Pkinase,352,603
9787,ZBTB16,Q05516,Homo sapiens,zf-C2H2,492,512
9788,ZBTB16,Q05516,Homo sapiens,zf-C2H2,546,568
9789,ZBTB16,Q05516,Homo sapiens,zf-C2H2,574,596
9804,PRKCQ,Q04759,Homo sapiens,Pkinase,383,634
9810,TEK,Q02763,Homo sapiens,fn3,449,526
9811,TEK,Q02763,Homo sapiens,fn3,544,626
9812,TEK,Q02763,Homo sapiens,fn3,640,722
9814,MAP2K1,Q02750,Homo sapiens,Pkinase,68,361
9819,ROR2,Q01974,Homo sapiens,I-set,64,150
9831,CDK17,Q00537,Homo sapiens,Pkinase,192,473
9832,CDK5,Q00535,Homo sapiens,Pkinase,4,286
9834,CDK6,Q00534,Homo sapiens,Pkinase,13,300
9835,CDKL1,Q00532,Homo sapiens,Pkinase,5,288
9836,CDK3,Q00526,Homo sapiens,Pkinase,4,286
9869,MAP3K9,P80192,Homo sapiens,Pkinase,146,401
9872,SRPK2,P78362,Homo sapiens,Pkinase,81,223
9873,SRPK2,P78362,Homo sapiens,Pkinase,524,686
9884,SIK1,P57059,Homo sapiens,Pkinase,27,278
9897,EPHB3,P54753,Homo sapiens,fn3,341,432
9898,EPHB3,P54753,Homo sapiens,fn3,456,535
9901,PRKAA2,P54646,Homo sapiens,Pkinase,17,268
9909,MAPK10,P53779,Homo sapiens,Pkinase,64,359
9921,DAPK1,P53355,Homo sapiens,Pkinase,13,275
9923,DAPK1,P53355,Homo sapiens,Ank_2,440,508
9924,DAPK1,P53355,Homo sapiens,Ank_2,548,637
9941,NEK3,P51956,Homo sapiens,Pkinase,4,253
9942,PRKX,P51817,Homo sapiens,Pkinase,51,303
9973,GSK3B,P49841,Homo sapiens,Pkinase,56,340
9976,CLK3,P49761,Homo sapiens,Pkinase,304,620
9977,CLK1,P49759,Homo sapiens,Pkinase,161,477
9983,CDK8,P49336,Homo sapiens,Pkinase,26,335
9990,MAPK9,P45984,Homo sapiens,Pkinase,26,321
9991,MAPK8,P45983,Homo sapiens,Pkinase,26,321
10012,PRKCI,P41743,Homo sapiens,Pkinase,256,522
10026,TGFBR1,P36897,Homo sapiens,Pkinase,208,489
10042,MAP2K2,P36507,Homo sapiens,Pkinase,72,369
10047,KDR,P35968,Homo sapiens,I-set,340,410
10048,KDR,P35968,Homo sapiens,I-set,667,750
10058,TTK,P33981,Homo sapiens,Pkinase,525,791
10072,AXL,P30530,Homo sapiens,fn3,227,319
10073,AXL,P30530,Homo sapiens,fn3,336,418
10091,EPHB2,P29323,Homo sapiens,fn3,326,421
10092,EPHB2,P29323,Homo sapiens,fn3,437,520
10098,EPHA8,P29322,Homo sapiens,fn3,330,419
10099,EPHA8,P29322,Homo sapiens,fn3,439,524
10104,PTPRM,P28827,Homo sapiens,fn3,287,361
10105,PTPRM,P28827,Homo sapiens,fn3,498,574
10109,MAPK1,P28482,Homo sapiens,Pkinase,25,313
10118,MARK3,P27448,Homo sapiens,Pkinase,56,307
10121,MAPK3,P27361,Homo sapiens,Pkinase,42,330
10127,GRK2,P25098,Homo sapiens,Pkinase,192,453
10145,PTPRD,P23468,Homo sapiens,fn3,325,405
10146,PTPRD,P23468,Homo sapiens,fn3,419,504
10147,PTPRD,P23468,Homo sapiens,fn3,518,595
10148,PTPRD,P23468,Homo sapiens,fn3,612,699
10149,PTPRD,P23468,Homo sapiens,fn3,714,812
10150,PTPRD,P23468,Homo sapiens,fn3,831,906
10151,PTPRD,P23468,Homo sapiens,fn3,922,1006
10152,PTPRD,P23468,Homo sapiens,I-set,24,115
10153,PTPRD,P23468,Homo sapiens,I-set,127,216
10169,PRKACB,P22694,Homo sapiens,Pkinase,44,298
10171,PRKACG,P22612,Homo sapiens,Pkinase,44,298
10190,CDK11B,P21127,Homo sapiens,Pkinase,441,723
10204,FLT1,P17948,Homo sapiens,I-set,351,410
10205,FLT1,P17948,Homo sapiens,I-set,662,748
10212,PRKCA,P17252,Homo sapiens,Pkinase,341,583
10237,PDGFRA,P16234,Homo sapiens,I-set,223,306
10238,PDGFRA,P16234,Homo sapiens,I-set,327,404
10268,CDK4,P11802,Homo sapiens,Pkinase,6,295
10277,U2AF1L5,P0DN76,Homo sapiens,RRM_1,91,141
10283,PDGFRB,P09619,Homo sapiens,I-set,333,413
10290,ROS1,P08922,Homo sapiens,fn3,102,169
10291,ROS1,P08922,Homo sapiens,fn3,202,274
10292,ROS1,P08922,Homo sapiens,fn3,1668,1738
10295,PTPRC,P08575,Homo sapiens,fn3,395,462
10296,PTPRC,P08575,Homo sapiens,fn3,486,564
10336,PRKCG,P05129,Homo sapiens,Pkinase,353,599
10359,PAK4,O96013,Homo sapiens,Pkinase,326,572
10364,OXSR1,O95747,Homo sapiens,Pkinase,17,291
10367,MAP3K6,O95382,Homo sapiens,Pkinase,653,906
10390,CDK14,O94921,Homo sapiens,Pkinase,135,419
10391,PRKD3,O94806,Homo sapiens,Pkinase,580,832
10395,STK10,O94804,Homo sapiens,Pkinase,37,294
10398,STK17B,O94768,Homo sapiens,Pkinase,36,293
10405,PAK3,O75914,Homo sapiens,Pkinase,283,534
10409,DGKI,O75912,Homo sapiens,Ank_2,952,1025
10420,RPS6KA5,O75582,Homo sapiens,Pkinase,49,318
10421,RPS6KA5,O75582,Homo sapiens,Pkinase,429,686
10438,MAST3,O60307,Homo sapiens,Pkinase,367,640
10444,PPP1R12B,O60237,Homo sapiens,Ank_2,64,152
10445,PPP1R12B,O60237,Homo sapiens,Ank_2,209,279
10468,DAPK3,O43293,Homo sapiens,Pkinase,13,275
10473,PDPK1,O15530,Homo sapiens,Pkinase,83,330
10479,MAPK13,O15264,Homo sapiens,Pkinase,28,308
10480,DCLK1,O15075,Homo sapiens,Pkinase,390,647
10496,PPP1R12A,O14974,Homo sapiens,Ank_2,46,134
10497,PPP1R12A,O14974,Homo sapiens,Ank_2,191,260
10505,AURKA,O14965,Homo sapiens,Pkinase,133,383
10509,HGS,O14964,Homo sapiens,PLD,704,763
10514,CASK,O14936,Homo sapiens,Pkinase,12,276
10539,CHEK1,O14757,Homo sapiens,Pkinase,11,264
10543,PTPRT,O14522,Homo sapiens,fn3,295,372
10544,PTPRT,O14522,Homo sapiens,fn3,501,577
10563,STK25,O00506,Homo sapiens,Pkinase,20,270
10564,PLK4,O00444,Homo sapiens,Pkinase,13,265
10578,CDC7,O00311,Homo sapiens,Pkinase,59,207
10579,CDC7,O00311,Homo sapiens,Pkinase,365,465
14994,KANK2,Q63ZY3,Homo sapiens,Ank_2,682,769
14995,KANK2,Q63ZY3,Homo sapiens,Ank_2,770,827
15079,DYNC1I2,Q13409,Homo sapiens,WD40,472,509
15087,DAZL,Q92904,Homo sapiens,RRM_1,42,108
15090,FGFR4,P22455,Homo sapiens,I-set,161,236
15152,CORO1B,Q9BR76,Homo sapiens,WD40,79,110
15153,CORO1B,Q9BR76,Homo sapiens,WD40,124,161
15154,CORO1B,Q9BR76,Homo sapiens,WD40,175,204
15177,EED,O75530,Homo sapiens,WD40,181,219
15178,EED,O75530,Homo sapiens,WD40,233,263
15219,BRSK1,Q8TDC3,Homo sapiens,Pkinase,34,284
15231,BCOR,Q6W2J9,Homo sapiens,Ank_2,1467,1558
15247,NEXN,Q0ZGT2,Homo sapiens,I-set,582,671
15295,FGFR2,P21802,Homo sapiens,I-set,172,248
15296,FGFR2,P21802,Homo sapiens,I-set,264,359
15312,GNB2,P62879,Homo sapiens,WD40,48,83
15313,GNB2,P62879,Homo sapiens,WD40,99,124
15314,GNB2,P62879,Homo sapiens,WD40,136,170
15315,GNB2,P62879,Homo sapiens,WD40,180,212
15316,GNB2,P62879,Homo sapiens,WD40,218,254
15317,GNB2,P62879,Homo sapiens,WD40,266,298
15318,GNB2,P62879,Homo sapiens,WD40,306,340
15330,PIM1,P11309,Homo sapiens,Pkinase,38,290
15373,DDX43,Q9NXZ2,Homo sapiens,KH_1,74,129
15407,CDC20,Q12834,Homo sapiens,WD40,301,336
15408,CDC20,Q12834,Homo sapiens,WD40,346,386
15409,CDC20,Q12834,Homo sapiens,WD40,391,429
15410,CDC20,Q12834,Homo sapiens,WD40,436,470
15537,HIRA,P54198,Homo sapiens,WD40,10,44
15538,HIRA,P54198,Homo sapiens,WD40,68,98
15539,HIRA,P54198,Homo sapiens,WD40,121,159
15540,HIRA,P54198,Homo sapiens,WD40,166,201
15574,RPTOR,Q8N122,Homo sapiens,WD40,1159,1194
15627,U2SURP,O15042,Homo sapiens,RRM_1,276,348
15642,FSD1,Q9BTV5,Homo sapiens,fn3,179,258
15654,COPA,P53621,Homo sapiens,WD40,45,79
15655,COPA,P53621,Homo sapiens,WD40,84,121
15656,COPA,P53621,Homo sapiens,WD40,126,163
15766,AHI1,Q8N157,Homo sapiens,WD40,645,682
15767,AHI1,Q8N157,Homo sapiens,WD40,737,772
15768,AHI1,Q8N157,Homo sapiens,WD40,852,871
15785,IKBKB,O14920,Homo sapiens,Pkinase,16,290
15834,GRK5,P34947,Homo sapiens,Pkinase,187,448
15836,CIT,O14578,Homo sapiens,Pkinase,98,360
15882,CLIP3,Q96DZ5,Homo sapiens,Ank_2,144,227
15913,PAFAH1B1,P43034,Homo sapiens,WD40,104,136
15914,PAFAH1B1,P43034,Homo sapiens,WD40,143,178
15915,PAFAH1B1,P43034,Homo sapiens,WD40,183,219
15916,PAFAH1B1,P43034,Homo sapiens,WD40,225,261
15917,PAFAH1B1,P43034,Homo sapiens,WD40,267,324
15918,PAFAH1B1,P43034,Homo sapiens,WD40,329,366
15919,PAFAH1B1,P43034,Homo sapiens,WD40,371,407
15927,BCORL1,Q5H9F3,Homo sapiens,Ank_2,1433,1517
15930,SMU1,Q2TAY7,Homo sapiens,WD40,207,242
15931,SMU1,Q2TAY7,Homo sapiens,WD40,267,292
15932,SMU1,Q2TAY7,Homo sapiens,WD40,296,333
15933,SMU1,Q2TAY7,Homo sapiens,WD40,339,377
15934,SMU1,Q2TAY7,Homo sapiens,WD40,474,512
15952,CHEK2,O96017,Homo sapiens,Pkinase,222,486
15984,BARD1,Q99728,Homo sapiens,Ank_2,432,522
16003,PALLD,Q8WX93,Homo sapiens,I-set,271,361
16004,PALLD,Q8WX93,Homo sapiens,I-set,441,538
16005,PALLD,Q8WX93,Homo sapiens,I-set,1001,1092
16006,PALLD,Q8WX93,Homo sapiens,I-set,1135,1225
16007,PALLD,Q8WX93,Homo sapiens,I-set,1234,1325
16018,CSNK1E,P49674,Homo sapiens,Pkinase,9,224
16048,PRKCE,Q02156,Homo sapiens,Pkinase,409,668
16096,CELF5,Q8N6W0,Homo sapiens,RRM_1,47,113
16097,CELF5,Q8N6W0,Homo sapiens,RRM_1,136,198
16098,CELF5,Q8N6W0,Homo sapiens,RRM_1,402,472
16134,DTL,Q9NZJ0,Homo sapiens,WD40,89,126
16135,DTL,Q9NZJ0,Homo sapiens,WD40,130,169
16136,DTL,Q9NZJ0,Homo sapiens,WD40,218,244
16137,DTL,Q9NZJ0,Homo sapiens,WD40,307,345
16138,DTL,Q9NZJ0,Homo sapiens,WD40,351,388
16157,MAPK11,Q15759,Homo sapiens,Pkinase,27,308
16161,MPLKIP,Q8TAP9,Homo sapiens,PLD,54,113
16168,PABPC5,Q96DU9,Homo sapiens,RRM_1,20,88
16169,PABPC5,Q96DU9,Homo sapiens,RRM_1,108,175
16170,PABPC5,Q96DU9,Homo sapiens,RRM_1,201,269
16171,PABPC5,Q96DU9,Homo sapiens,RRM_1,304,372
16173,RBPMS2,Q6ZRY4,Homo sapiens,RRM_1,33,94
16209,RBM42,Q9BTD8,Homo sapiens,RRM_1,383,453
16215,DAW1,Q8N136,Homo sapiens,WD40,85,120
16216,DAW1,Q8N136,Homo sapiens,WD40,125,163
16217,DAW1,Q8N136,Homo sapiens,WD40,167,205
16218,DAW1,Q8N136,Homo sapiens,WD40,210,247
16219,DAW1,Q8N136,Homo sapiens,WD40,252,289
16220,DAW1,Q8N136,Homo sapiens,WD40,293,330
16221,DAW1,Q8N136,Homo sapiens,WD40,336,373
16222,DAW1,Q8N136,Homo sapiens,WD40,377,414
16286,ROCK1,Q13464,Homo sapiens,Pkinase,76,338
16392,DNAJC17,Q9NVM6,Homo sapiens,RRM_1,189,233
16447,MIB1,Q86YT6,Homo sapiens,Ank_2,502,593
16448,MIB1,Q86YT6,Homo sapiens,Ank_2,594,662
16481,LATS1,O95835,Homo sapiens,Pkinase,706,854
16482,LATS1,O95835,Homo sapiens,Pkinase,901,1010
16484,LATS1,O95835,Homo sapiens,PLD,360,419
16537,CSTF1,Q05048,Homo sapiens,WD40,105,134
16538,CSTF1,Q05048,Homo sapiens,WD40,166,201
16539,CSTF1,Q05048,Homo sapiens,WD40,260,290
16540,CSTF1,Q05048,Homo sapiens,WD40,295,333
16541,CSTF1,Q05048,Homo sapiens,WD40,390,424
16591,PSKH1,P11801,Homo sapiens,Pkinase,98,355
16592,MAPKAPK5,Q8IW41,Homo sapiens,Pkinase,25,304
16607,RALYL,Q86SE5,Homo sapiens,RRM_1,23,85
16611,STK3,Q13188,Homo sapiens,Pkinase,28,278
16655,CAMK2B,Q13554,Homo sapiens,Pkinase,14,272
16781,FGFR3,P22607,Homo sapiens,I-set,166,245
16795,MAPK4,P31152,Homo sapiens,Pkinase,21,312
16821,PRKCB,P05771,Homo sapiens,Pkinase,344,599
16831,PEX7,O00628,Homo sapiens,WD40,69,96
16832,PEX7,O00628,Homo sapiens,WD40,103,141
16833,PEX7,O00628,Homo sapiens,WD40,145,184
16834,PEX7,O00628,Homo sapiens,WD40,233,271
16842,GIT1,Q9Y2X7,Homo sapiens,Ank_2,137,226
16905,POC1A,Q8NBT0,Homo sapiens,WD40,12,46
16906,POC1A,Q8NBT0,Homo sapiens,WD40,56,88
16907,POC1A,Q8NBT0,Homo sapiens,WD40,97,130
16908,POC1A,Q8NBT0,Homo sapiens,WD40,137,173
16909,POC1A,Q8NBT0,Homo sapiens,WD40,178,215
16910,POC1A,Q8NBT0,Homo sapiens,WD40,221,255
16911,POC1A,Q8NBT0,Homo sapiens,WD40,261,299
16940,PCBP3,P57721,Homo sapiens,KH_1,47,108
16941,PCBP3,P57721,Homo sapiens,KH_1,131,194
16942,PCBP3,P57721,Homo sapiens,KH_1,295,358
16948,FZR1,Q9UM11,Homo sapiens,WD40,307,341
16949,FZR1,Q9UM11,Homo sapiens,WD40,347,386
16950,FZR1,Q9UM11,Homo sapiens,WD40,436,471
17026,KATNB1,Q9BVA0,Homo sapiens,WD40,13,49
17027,KATNB1,Q9BVA0,Homo sapiens,WD40,54,91
17028,KATNB1,Q9BVA0,Homo sapiens,WD40,97,133
17029,KATNB1,Q9BVA0,Homo sapiens,WD40,139,175
17030,KATNB1,Q9BVA0,Homo sapiens,WD40,180,217
17034,WDR61,Q9GZS3,Homo sapiens,WD40,14,48
17035,WDR61,Q9GZS3,Homo sapiens,WD40,56,92
17036,WDR61,Q9GZS3,Homo sapiens,WD40,149,176
17037,WDR61,Q9GZS3,Homo sapiens,WD40,180,218
17038,WDR61,Q9GZS3,Homo sapiens,WD40,226,260
17039,WDR61,Q9GZS3,Homo sapiens,WD40,265,302
17067,MACF1,Q9UPN3,Homo sapiens,Spectrin,3883,3957
17068,MACF1,Q9UPN3,Homo sapiens,Spectrin,4000,4108
17069,MACF1,Q9UPN3,Homo sapiens,Spectrin,4466,4574
17070,MACF1,Q9UPN3,Homo sapiens,Spectrin,4800,4904
17071,MACF1,Q9UPN3,Homo sapiens,Spectrin,4909,5012
17072,MACF1,Q9UPN3,Homo sapiens,Spectrin,5236,5341
17073,MACF1,Q9UPN3,Homo sapiens,Spectrin,5348,5450
17074,MACF1,Q9UPN3,Homo sapiens,Spectrin,5455,5557
17075,MACF1,Q9UPN3,Homo sapiens,Spectrin,5783,5885
17076,MACF1,Q9UPN3,Homo sapiens,Spectrin,6005,6110
17077,MACF1,Q9UPN3,Homo sapiens,Spectrin,6116,6219
17078,MACF1,Q9UPN3,Homo sapiens,Spectrin,6225,6328
17079,MACF1,Q9UPN3,Homo sapiens,Spectrin,6333,6439
17080,MACF1,Q9UPN3,Homo sapiens,Spectrin,6443,6547
17081,MACF1,Q9UPN3,Homo sapiens,Spectrin,6552,6658
17082,MACF1,Q9UPN3,Homo sapiens,Spectrin,6665,6766
17083,MACF1,Q9UPN3,Homo sapiens,Spectrin,6772,6874
17131,SRSF8,Q9BRL6,Homo sapiens,RRM_1,17,86
17154,ZSCAN9,O15535,Homo sapiens,zf-C2H2,254,276
17155,ZSCAN9,O15535,Homo sapiens,zf-C2H2,282,304
17156,ZSCAN9,O15535,Homo sapiens,zf-C2H2,310,332
17157,ZSCAN9,O15535,Homo sapiens,zf-C2H2,338,360
17158,ZSCAN9,O15535,Homo sapiens,zf-C2H2,366,388
17174,RBFOX2,O43251,Homo sapiens,RRM_1,124,190
17178,PABPC1L,Q4VXU2,Homo sapiens,RRM_1,13,83
17179,PABPC1L,Q4VXU2,Homo sapiens,RRM_1,101,168
17180,PABPC1L,Q4VXU2,Homo sapiens,RRM_1,193,261
17181,PABPC1L,Q4VXU2,Homo sapiens,RRM_1,296,363
17223,PCBP4,P57723,Homo sapiens,KH_1,19,79
17224,PCBP4,P57723,Homo sapiens,KH_1,103,167
17225,PCBP4,P57723,Homo sapiens,KH_1,244,306
17261,POC1B,Q8TC44,Homo sapiens,WD40,13,46
17262,POC1B,Q8TC44,Homo sapiens,WD40,56,87
17263,POC1B,Q8TC44,Homo sapiens,WD40,96,130
17264,POC1B,Q8TC44,Homo sapiens,WD40,138,172
17265,POC1B,Q8TC44,Homo sapiens,WD40,189,214
17266,POC1B,Q8TC44,Homo sapiens,WD40,219,254
17267,POC1B,Q8TC44,Homo sapiens,WD40,261,297
17310,CHUK,O15111,Homo sapiens,Pkinase,17,289
17321,PTBP2,Q9UKA9,Homo sapiens,RRM_1,459,518
17337,TNKS,O95271,Homo sapiens,Ank_2,186,279
17338,TNKS,O95271,Homo sapiens,Ank_2,339,432
17339,TNKS,O95271,Homo sapiens,Ank_2,526,618
17340,TNKS,O95271,Homo sapiens,Ank_2,655,747
17369,RPS6KA3,P51812,Homo sapiens,Pkinase,68,327
17370,RPS6KA3,P51812,Homo sapiens,Pkinase,422,679
17398,ACAP1,Q15027,Homo sapiens,Ank_2,588,670
17419,AURKC,Q9UQB9,Homo sapiens,Pkinase,43,293
17421,DYNC1I1,O14576,Homo sapiens,WD40,479,517
17444,LARP7,Q4G0J3,Homo sapiens,RRM_1,127,188
17448,CTCFL,Q8NI51,Homo sapiens,zf-C2H2,313,336
17449,CTCFL,Q8NI51,Homo sapiens,zf-C2H2,428,451
17450,CTCFL,Q8NI51,Homo sapiens,zf-C2H2,546,564
17453,NFAT5,O94916,Homo sapiens,PLD,1242,1301
17454,PLK1,P53350,Homo sapiens,Pkinase,53,305
17490,WDR47,O94967,Homo sapiens,WD40,659,687
17491,WDR47,O94967,Homo sapiens,WD40,745,782
17500,GSK3A,P49840,Homo sapiens,Pkinase,119,403
17539,ZNF496,Q96IT1,Homo sapiens,zf-C2H2,463,485
17540,ZNF496,Q96IT1,Homo sapiens,zf-C2H2,553,575
17611,PAK2,Q13177,Homo sapiens,Pkinase,249,500
17622,RBFOX3,A6NFN3,Homo sapiens,RRM_1,102,168
17625,TYRO3,Q06418,Homo sapiens,fn3,227,307
17626,TYRO3,Q06418,Homo sapiens,fn3,324,406
17627,TYRO3,Q06418,Homo sapiens,I-set,48,124
17668,FGFR1,P11362,Homo sapiens,I-set,169,247
17669,FGFR1,P11362,Homo sapiens,I-set,262,358
17708,PRKD2,Q9BZL6,Homo sapiens,Pkinase,555,807
17730,PABPC1L2A,Q5JQF8,Homo sapiens,RRM_1,4,74
17731,PABPC1L2A,Q5JQF8,Homo sapiens,RRM_1,92,159
17738,ROCK2,O75116,Homo sapiens,Pkinase,92,354
17753,ANKRD26,Q9UPS8,Homo sapiens,Ank_2,50,143
17811,DCLK2,Q8N568,Homo sapiens,Pkinase,394,651
17838,POU2F1,P14859,Homo sapiens,PLD,176,235
17848,SNAI1,O95863,Homo sapiens,zf-C2H2,181,202
17849,SNAI1,O95863,Homo sapiens,zf-C2H2,208,230
17866,PAK1,Q13153,Homo sapiens,Pkinase,270,521
17873,MAP4K4,O95819,Homo sapiens,Pkinase,25,289
17883,STRN,O43815,Homo sapiens,WD40,453,491
17884,STRN,O43815,Homo sapiens,WD40,507,544
17885,STRN,O43815,Homo sapiens,WD40,565,597
17886,STRN,O43815,Homo sapiens,WD40,696,734
17887,STRN,O43815,Homo sapiens,WD40,739,774
17906,ZKSCAN1,P17029,Homo sapiens,zf-C2H2,377,399
17907,ZKSCAN1,P17029,Homo sapiens,zf-C2H2,405,427
17908,ZKSCAN1,P17029,Homo sapiens,zf-C2H2,433,455
17909,ZKSCAN1,P17029,Homo sapiens,zf-C2H2,461,483
17910,ZKSCAN1,P17029,Homo sapiens,zf-C2H2,489,511
17911,ZKSCAN1,P17029,Homo sapiens,zf-C2H2,517,539
17924,HUNK,P57058,Homo sapiens,Pkinase,66,320
17954,ZNF671,Q8TAW3,Homo sapiens,zf-C2H2,285,307
17955,ZNF671,Q8TAW3,Homo sapiens,zf-C2H2,313,335
17956,ZNF671,Q8TAW3,Homo sapiens,zf-C2H2,341,363
17957,ZNF671,Q8TAW3,Homo sapiens,zf-C2H2,369,391
17958,ZNF671,Q8TAW3,Homo sapiens,zf-C2H2,397,419
17959,ZNF671,Q8TAW3,Homo sapiens,zf-C2H2,425,447
17960,ZNF671,Q8TAW3,Homo sapiens,zf-C2H2,479,501
17961,ZNF671,Q8TAW3,Homo sapiens,zf-C2H2,507,529
18042,SYNE1,Q8NF91,Homo sapiens,Spectrin,3175,3276
18043,SYNE1,Q8NF91,Homo sapiens,Spectrin,3817,3913
18044,SYNE1,Q8NF91,Homo sapiens,Spectrin,5739,5831
18045,SYNE1,Q8NF91,Homo sapiens,Spectrin,7024,7118
18046,SYNE1,Q8NF91,Homo sapiens,Spectrin,7140,7230
18047,SYNE1,Q8NF91,Homo sapiens,Spectrin,7353,7452
18048,SYNE1,Q8NF91,Homo sapiens,Spectrin,7783,7882
18049,SYNE1,Q8NF91,Homo sapiens,Spectrin,7887,7996
18050,SYNE1,Q8NF91,Homo sapiens,Spectrin,8110,8210
18051,SYNE1,Q8NF91,Homo sapiens,Spectrin,8440,8547
18080,ZBTB48,P10074,Homo sapiens,zf-C2H2,319,338
18081,ZBTB48,P10074,Homo sapiens,zf-C2H2,350,372
18082,ZBTB48,P10074,Homo sapiens,zf-C2H2,465,487
18083,ZBTB48,P10074,Homo sapiens,zf-C2H2,493,515
18084,ZBTB48,P10074,Homo sapiens,zf-C2H2,551,572
18085,ZBTB48,P10074,Homo sapiens,zf-C2H2,578,600
18089,KRT1,P04264,Homo sapiens,PLD,519,578
18093,KRT10,P13645,Homo sapiens,PLD,498,557
18132,PXDNL,A1KZ92,Homo sapiens,I-set,234,317
18133,PXDNL,A1KZ92,Homo sapiens,I-set,419,505
18134,PXDNL,A1KZ92,Homo sapiens,I-set,512,597
18136,LRRK1,Q38SD2,Homo sapiens,Pkinase,1245,1518
18137,LRRK1,Q38SD2,Homo sapiens,Ank_2,95,181
18149,ZNF302,Q9NR11,Homo sapiens,zf-C2H2,280,302
18150,ZNF302,Q9NR11,Homo sapiens,zf-C2H2,308,330
18151,ZNF302,Q9NR11,Homo sapiens,zf-C2H2,336,358
18152,ZNF302,Q9NR11,Homo sapiens,zf-C2H2,364,386
18153,ZNF302,Q9NR11,Homo sapiens,zf-C2H2,392,414
18154,ZNF302,Q9NR11,Homo sapiens,zf-C2H2,420,442
18155,ZNF302,Q9NR11,Homo sapiens,zf-C2H2,448,470
18164,DST,Q03001,Homo sapiens,Spectrin,701,797
18165,DST,Q03001,Homo sapiens,Spectrin,3924,4000
18166,DST,Q03001,Homo sapiens,Spectrin,4070,4153
18167,DST,Q03001,Homo sapiens,Spectrin,4514,4622
18168,DST,Q03001,Homo sapiens,Spectrin,4626,4731
18169,DST,Q03001,Homo sapiens,Spectrin,4849,4952
18170,DST,Q03001,Homo sapiens,Spectrin,5281,5389
18171,DST,Q03001,Homo sapiens,Spectrin,5396,5497
18172,DST,Q03001,Homo sapiens,Spectrin,5504,5606
18173,DST,Q03001,Homo sapiens,Spectrin,5829,5933
18174,DST,Q03001,Homo sapiens,Spectrin,5940,6042
18175,DST,Q03001,Homo sapiens,Spectrin,6048,6154
18176,DST,Q03001,Homo sapiens,Spectrin,6185,6264
18177,DST,Q03001,Homo sapiens,Spectrin,6270,6373
18178,DST,Q03001,Homo sapiens,Spectrin,6379,6481
18179,DST,Q03001,Homo sapiens,Spectrin,6491,6592
18180,DST,Q03001,Homo sapiens,Spectrin,6597,6700
18181,DST,Q03001,Homo sapiens,Spectrin,6705,6811
18182,DST,Q03001,Homo sapiens,Spectrin,6818,6918
18183,DST,Q03001,Homo sapiens,Spectrin,6923,7026
18301,ANKRD30B,Q9BXX2,Homo sapiens,Ank_2,43,135
18302,ANKRD30B,Q9BXX2,Homo sapiens,Ank_2,143,232
18305,DDX53,Q86TM3,Homo sapiens,KH_1,53,110
18323,SLK,Q9H2G2,Homo sapiens,Pkinase,35,292
18344,SEC31A,O94979,Homo sapiens,PLD,872,931
18360,HDLBP,Q00341,Homo sapiens,KH_1,154,212
18361,HDLBP,Q00341,Homo sapiens,KH_1,225,285
18362,HDLBP,Q00341,Homo sapiens,KH_1,299,357
18363,HDLBP,Q00341,Homo sapiens,KH_1,369,425
18364,HDLBP,Q00341,Homo sapiens,KH_1,438,498
18365,HDLBP,Q00341,Homo sapiens,KH_1,511,571
18366,HDLBP,Q00341,Homo sapiens,KH_1,584,644
18367,HDLBP,Q00341,Homo sapiens,KH_1,656,717
18368,HDLBP,Q00341,Homo sapiens,KH_1,732,791
18369,HDLBP,Q00341,Homo sapiens,KH_1,804,865
18370,HDLBP,Q00341,Homo sapiens,KH_1,877,968
18371,HDLBP,Q00341,Homo sapiens,KH_1,974,1033
18372,HDLBP,Q00341,Homo sapiens,KH_1,1056,1118
18373,HDLBP,Q00341,Homo sapiens,KH_1,1131,1191
18412,WDR1,O75083,Homo sapiens,WD40,185,217
18413,WDR1,O75083,Homo sapiens,WD40,231,262
18414,WDR1,O75083,Homo sapiens,WD40,311,350
18415,WDR1,O75083,Homo sapiens,WD40,527,559
18423,AGAP2,Q99490,Homo sapiens,Ank_2,1060,1148
18434,ANK1,P16157,Homo sapiens,Ank_2,18,107
18435,ANK1,P16157,Homo sapiens,Ank_2,110,168
18436,ANK1,P16157,Homo sapiens,Ank_2,233,301
18437,ANK1,P16157,Homo sapiens,Ank_2,303,367
18438,ANK1,P16157,Homo sapiens,Ank_2,368,433
18439,ANK1,P16157,Homo sapiens,Ank_2,438,498
18440,ANK1,P16157,Homo sapiens,Ank_2,535,592
18441,ANK1,P16157,Homo sapiens,Ank_2,639,730
18468,SPTBN4,Q9H254,Homo sapiens,Spectrin,311,418
18469,SPTBN4,Q9H254,Homo sapiens,Spectrin,430,533
18470,SPTBN4,Q9H254,Homo sapiens,Spectrin,536,641
18471,SPTBN4,Q9H254,Homo sapiens,Spectrin,774,879
18472,SPTBN4,Q9H254,Homo sapiens,Spectrin,884,982
18473,SPTBN4,Q9H254,Homo sapiens,Spectrin,1089,1196
18474,SPTBN4,Q9H254,Homo sapiens,Spectrin,1306,1407
18475,SPTBN4,Q9H254,Homo sapiens,Spectrin,1412,1512
18476,SPTBN4,Q9H254,Homo sapiens,Spectrin,1515,1617
18477,SPTBN4,Q9H254,Homo sapiens,Spectrin,1623,1725
18478,SPTBN4,Q9H254,Homo sapiens,Spectrin,1728,1830
18479,SPTBN4,Q9H254,Homo sapiens,Spectrin,1835,1935
18480,SPTBN4,Q9H254,Homo sapiens,Spectrin,1944,2046
18481,SPTBN4,Q9H254,Homo sapiens,Spectrin,2049,2123
18487,ACTN1,P12814,Homo sapiens,Spectrin,275,383
18488,ACTN1,P12814,Homo sapiens,Spectrin,394,498
18489,ACTN1,P12814,Homo sapiens,Spectrin,510,620
18490,ACTN1,P12814,Homo sapiens,Spectrin,631,732
18620,MARK2,Q7KZI7,Homo sapiens,Pkinase,53,304
22582,CNTN1,Q12860,Homo sapiens,fn3,606,693
22583,CNTN1,Q12860,Homo sapiens,fn3,811,893
22584,CNTN1,Q12860,Homo sapiens,I-set,244,325
22585,CNTN1,Q12860,Homo sapiens,I-set,422,500
22610,TRIO,O75962,Homo sapiens,Pkinase,2796,3050
22615,TRIO,O75962,Homo sapiens,Spectrin,341,444
22616,TRIO,O75962,Homo sapiens,Spectrin,570,670
22617,TRIO,O75962,Homo sapiens,Spectrin,909,1006
22618,TRIO,O75962,Homo sapiens,Spectrin,1140,1243
22619,TRIO,O75962,Homo sapiens,I-set,2685,2776
22634,TNC,P24821,Homo sapiens,fn3,624,696
22635,TNC,P24821,Homo sapiens,fn3,713,793
22636,TNC,P24821,Homo sapiens,fn3,804,879
22637,TNC,P24821,Homo sapiens,fn3,894,974
22638,TNC,P24821,Homo sapiens,fn3,987,1062
22639,TNC,P24821,Homo sapiens,fn3,1077,1150
22640,TNC,P24821,Homo sapiens,fn3,1169,1241
22641,TNC,P24821,Homo sapiens,fn3,1259,1327
22642,TNC,P24821,Homo sapiens,fn3,1350,1422
22643,TNC,P24821,Homo sapiens,fn3,1440,1507
22644,TNC,P24821,Homo sapiens,fn3,1533,1605
22645,TNC,P24821,Homo sapiens,fn3,1622,1696
22646,TNC,P24821,Homo sapiens,fn3,1712,1785
22647,TNC,P24821,Homo sapiens,fn3,1802,1873
22648,TNC,P24821,Homo sapiens,fn3,1888,1960
22664,WDR37,Q9Y2I8,Homo sapiens,WD40,147,185
22665,WDR37,Q9Y2I8,Homo sapiens,WD40,189,226
22666,WDR37,Q9Y2I8,Homo sapiens,WD40,314,351
22667,WDR37,Q9Y2I8,Homo sapiens,WD40,360,394
22697,NEO1,Q92859,Homo sapiens,fn3,440,525
22698,NEO1,Q92859,Homo sapiens,fn3,543,618
22699,NEO1,Q92859,Homo sapiens,fn3,636,720
22700,NEO1,Q92859,Homo sapiens,fn3,742,818
22701,NEO1,Q92859,Homo sapiens,fn3,856,941
22702,NEO1,Q92859,Homo sapiens,fn3,956,1044
22705,NEO1,Q92859,Homo sapiens,I-set,250,337
22706,NEO1,Q92859,Homo sapiens,I-set,341,427
22714,GNB5,O14775,Homo sapiens,WD40,97,133
22715,GNB5,O14775,Homo sapiens,WD40,227,267
22716,GNB5,O14775,Homo sapiens,WD40,271,309
22717,GNB5,O14775,Homo sapiens,WD40,329,353
22718,GNB5,O14775,Homo sapiens,WD40,360,394
22721,SPTB,P11277,Homo sapiens,Spectrin,303,411
22722,SPTB,P11277,Homo sapiens,Spectrin,423,525
22723,SPTB,P11277,Homo sapiens,Spectrin,529,635
22724,SPTB,P11277,Homo sapiens,Spectrin,638,741
22725,SPTB,P11277,Homo sapiens,Spectrin,744,846
22726,SPTB,P11277,Homo sapiens,Spectrin,851,950
22727,SPTB,P11277,Homo sapiens,Spectrin,956,1058
22728,SPTB,P11277,Homo sapiens,Spectrin,1062,1165
22729,SPTB,P11277,Homo sapiens,Spectrin,1170,1257
22730,SPTB,P11277,Homo sapiens,Spectrin,1275,1375
22731,SPTB,P11277,Homo sapiens,Spectrin,1389,1465
22732,SPTB,P11277,Homo sapiens,Spectrin,1481,1582
22733,SPTB,P11277,Homo sapiens,Spectrin,1585,1688
22734,SPTB,P11277,Homo sapiens,Spectrin,1690,1793
22735,SPTB,P11277,Homo sapiens,Spectrin,1797,1899
22736,SPTB,P11277,Homo sapiens,Spectrin,1906,2006
22737,SPTB,P11277,Homo sapiens,Spectrin,2013,2075
22782,ACTN2,P35609,Homo sapiens,Spectrin,282,390
22783,ACTN2,P35609,Homo sapiens,Spectrin,401,505
22784,ACTN2,P35609,Homo sapiens,Spectrin,517,627
22785,ACTN2,P35609,Homo sapiens,Spectrin,638,739
22803,GNB1,P62873,Homo sapiens,WD40,48,83
22804,GNB1,P62873,Homo sapiens,WD40,99,125
22805,GNB1,P62873,Homo sapiens,WD40,137,170
22806,GNB1,P62873,Homo sapiens,WD40,174,212
22807,GNB1,P62873,Homo sapiens,WD40,217,254
22808,GNB1,P62873,Homo sapiens,WD40,260,298
22809,GNB1,P62873,Homo sapiens,WD40,307,340
22850,ANKRD24,Q8TF21,Homo sapiens,Ank_2,52,138
22851,ANKRD24,Q8TF21,Homo sapiens,Ank_2,147,211
22852,STRN4,Q9NRL3,Homo sapiens,WD40,428,466
22853,STRN4,Q9NRL3,Homo sapiens,WD40,537,572
22854,STRN4,Q9NRL3,Homo sapiens,WD40,669,707
22855,STRN4,Q9NRL3,Homo sapiens,WD40,712,747
22874,NRCAM,Q92823,Homo sapiens,fn3,649,733
22875,NRCAM,Q92823,Homo sapiens,fn3,750,829
22876,NRCAM,Q92823,Homo sapiens,fn3,848,940
22877,NRCAM,Q92823,Homo sapiens,fn3,953,1037
22878,NRCAM,Q92823,Homo sapiens,fn3,1069,1143
22879,NRCAM,Q92823,Homo sapiens,I-set,284,357
22880,NRCAM,Q92823,Homo sapiens,I-set,548,633
22882,WDR7,Q9Y4E6,Homo sapiens,WD40,19,47
22883,WDR7,Q9Y4E6,Homo sapiens,WD40,62,95
22884,WDR7,Q9Y4E6,Homo sapiens,WD40,457,498
22885,WDR7,Q9Y4E6,Homo sapiens,WD40,559,587
22886,WDR7,Q9Y4E6,Homo sapiens,WD40,1386,1422
22946,SYP,P08247,Homo sapiens,PLD,254,313
22948,CORO1A,P31146,Homo sapiens,WD40,77,109
22949,CORO1A,P31146,Homo sapiens,WD40,122,160
22950,CORO1A,P31146,Homo sapiens,WD40,174,202
22960,CORO2B,Q9UQ03,Homo sapiens,WD40,85,115
22961,CORO2B,Q9UQ03,Homo sapiens,WD40,170,206
22965,DMXL2,Q8TDJ6,Homo sapiens,WD40,2933,2969
22997,PTPRS,Q13332,Homo sapiens,fn3,334,414
22998,PTPRS,Q13332,Homo sapiens,fn3,428,513
22999,PTPRS,Q13332,Homo sapiens,fn3,527,604
23000,PTPRS,Q13332,Homo sapiens,fn3,621,708
23001,PTPRS,Q13332,Homo sapiens,fn3,723,821
23002,PTPRS,Q13332,Homo sapiens,fn3,838,916
23003,PTPRS,Q13332,Homo sapiens,fn3,932,1022
23004,PTPRS,Q13332,Homo sapiens,I-set,33,124
23005,PTPRS,Q13332,Homo sapiens,I-set,245,328
23018,WDR91,A4D1P6,Homo sapiens,WD40,565,590
23028,PTPRZ1,P23471,Homo sapiens,fn3,313,401
23030,CORO2A,Q92828,Homo sapiens,WD40,80,111
23031,CORO2A,Q92828,Homo sapiens,WD40,172,208
23121,GNB4,Q9HAV0,Homo sapiens,WD40,48,83
23122,GNB4,Q9HAV0,Homo sapiens,WD40,99,125
23123,GNB4,Q9HAV0,Homo sapiens,WD40,136,170
23124,GNB4,Q9HAV0,Homo sapiens,WD40,175,212
23125,GNB4,Q9HAV0,Homo sapiens,WD40,218,254
23126,GNB4,Q9HAV0,Homo sapiens,WD40,265,298
23127,GNB4,Q9HAV0,Homo sapiens,WD40,306,340
23129,WDR48,Q8TAF3,Homo sapiens,WD40,71,103
23130,WDR48,Q8TAF3,Homo sapiens,WD40,109,145
23131,WDR48,Q8TAF3,Homo sapiens,WD40,161,196
23132,WDR48,Q8TAF3,Homo sapiens,WD40,203,238
23144,GLS,O94925,Homo sapiens,Ank_2,557,646
23155,EPHA4,P54764,Homo sapiens,fn3,330,420
23156,EPHA4,P54764,Homo sapiens,fn3,445,525
23158,MARK1,Q9P0L2,Homo sapiens,Pkinase,60,311
23162,TNR,Q92752,Homo sapiens,fn3,328,400
23163,TNR,Q92752,Homo sapiens,fn3,416,495
23164,TNR,Q92752,Homo sapiens,fn3,507,581
23165,TNR,Q92752,Homo sapiens,fn3,595,671
23166,TNR,Q92752,Homo sapiens,fn3,687,763
23167,TNR,Q92752,Homo sapiens,fn3,776,850
23168,TNR,Q92752,Homo sapiens,fn3,865,942
23169,TNR,Q92752,Homo sapiens,fn3,955,1027
23170,TNR,Q92752,Homo sapiens,fn3,1042,1118
23192,CDK18,Q07002,Homo sapiens,Pkinase,144,425
23220,SLIRP,Q9GZT3,Homo sapiens,RRM_1,22,83
23397,LLGL1,Q15334,Homo sapiens,WD40,447,461
23430,AGAP3,Q96P47,Homo sapiens,Ank_2,760,843
23434,CHL1,O00533,Homo sapiens,fn3,613,698
23435,CHL1,O00533,Homo sapiens,fn3,714,795
23436,CHL1,O00533,Homo sapiens,fn3,818,904
23437,CHL1,O00533,Homo sapiens,fn3,918,1004
23438,CHL1,O00533,Homo sapiens,I-set,431,511
23517,KIF21A,Q7Z4S6,Homo sapiens,WD40,1338,1373
23518,KIF21A,Q7Z4S6,Homo sapiens,WD40,1483,1523
23519,KIF21A,Q7Z4S6,Homo sapiens,WD40,1577,1612
23520,KIF21A,Q7Z4S6,Homo sapiens,WD40,1618,1652
23536,MINK1,Q8N4C8,Homo sapiens,Pkinase,25,289
23542,PTPRF,P10586,Homo sapiens,fn3,321,401
23543,PTPRF,P10586,Homo sapiens,fn3,415,500
23544,PTPRF,P10586,Homo sapiens,fn3,514,592
23545,PTPRF,P10586,Homo sapiens,fn3,609,696
23546,PTPRF,P10586,Homo sapiens,fn3,711,809
23547,PTPRF,P10586,Homo sapiens,fn3,831,902
23548,PTPRF,P10586,Homo sapiens,fn3,919,1000
23549,PTPRF,P10586,Homo sapiens,I-set,33,124
23550,PTPRF,P10586,Homo sapiens,I-set,135,216
23551,PTPRF,P10586,Homo sapiens,I-set,232,315
23571,CAMK2D,Q13557,Homo sapiens,Pkinase,14,272
23579,ANK2,Q01484,Homo sapiens,Ank_2,37,126
23580,ANK2,Q01484,Homo sapiens,Ank_2,265,324
23581,ANK2,Q01484,Homo sapiens,Ank_2,389,461
23582,ANK2,Q01484,Homo sapiens,Ank_2,468,554
23583,ANK2,Q01484,Homo sapiens,Ank_2,562,625
23584,ANK2,Q01484,Homo sapiens,Ank_2,627,690
23616,NCAM1,P13591,Homo sapiens,fn3,511,598
23617,NCAM1,P13591,Homo sapiens,fn3,614,694
23618,NCAM1,P13591,Homo sapiens,I-set,21,114
23619,NCAM1,P13591,Homo sapiens,I-set,217,304
23620,NCAM1,P13591,Homo sapiens,I-set,423,502
23624,TAOK2,Q9UL54,Homo sapiens,Pkinase,29,281
23666,NCAM2,O15394,Homo sapiens,fn3,497,581
23667,NCAM2,O15394,Homo sapiens,fn3,595,677
23668,NCAM2,O15394,Homo sapiens,I-set,22,111
23669,NCAM2,O15394,Homo sapiens,I-set,117,191
23670,NCAM2,O15394,Homo sapiens,I-set,213,298
23671,NCAM2,O15394,Homo sapiens,I-set,306,396
23708,AGAP1,Q9UPQ3,Homo sapiens,Ank_2,744,826
23736,KALRN,O60229,Homo sapiens,Pkinase,2684,2938
23739,KALRN,O60229,Homo sapiens,Spectrin,311,414
23740,KALRN,O60229,Homo sapiens,Spectrin,540,640
23741,KALRN,O60229,Homo sapiens,Spectrin,891,998
23742,KALRN,O60229,Homo sapiens,Spectrin,1132,1224
23743,KALRN,O60229,Homo sapiens,fn3,2571,2647
23744,KALRN,O60229,Homo sapiens,I-set,2471,2565
23745,TAOK1,Q7L7X3,Homo sapiens,Pkinase,28,280
23750,SHANK1,Q9Y566,Homo sapiens,Ank_2,190,277
23751,SHANK1,Q9Y566,Homo sapiens,Ank_2,318,399
23767,NFASC,O94856,Homo sapiens,fn3,630,714
23768,NFASC,O94856,Homo sapiens,fn3,729,812
23769,NFASC,O94856,Homo sapiens,fn3,828,920
23770,NFASC,O94856,Homo sapiens,fn3,933,1017
23771,NFASC,O94856,Homo sapiens,fn3,1121,1193
23772,NFASC,O94856,Homo sapiens,I-set,447,518
23773,NFASC,O94856,Homo sapiens,I-set,524,609
23785,BSN,Q9UPA5,Homo sapiens,PLD,3744,3803
23786,CAMKV,Q8NCB2,Homo sapiens,Pkinase,34,286
23798,STXBP5,Q5T5C0,Homo sapiens,WD40,240,265
23817,STK32C,Q86UX6,Homo sapiens,Pkinase,93,345
23855,CASKIN1,Q8WXD9,Homo sapiens,Ank_2,32,110
23856,CASKIN1,Q8WXD9,Homo sapiens,Ank_2,172,250
23888,LINGO1,Q96FE5,Homo sapiens,I-set,429,514
23933,NEGR1,Q7Z3B1,Homo sapiens,I-set,46,135
23956,SPTBN2,O15020,Homo sapiens,Spectrin,306,414
23957,SPTBN2,O15020,Homo sapiens,Spectrin,427,527
23958,SPTBN2,O15020,Homo sapiens,Spectrin,532,639
23959,SPTBN2,O15020,Homo sapiens,Spectrin,642,744
23960,SPTBN2,O15020,Homo sapiens,Spectrin,749,849
23961,SPTBN2,O15020,Homo sapiens,Spectrin,855,954
23962,SPTBN2,O15020,Homo sapiens,Spectrin,960,1063
23963,SPTBN2,O15020,Homo sapiens,Spectrin,1066,1169
23964,SPTBN2,O15020,Homo sapiens,Spectrin,1174,1262
23965,SPTBN2,O15020,Homo sapiens,Spectrin,1279,1379
23966,SPTBN2,O15020,Homo sapiens,Spectrin,1384,1485
23967,SPTBN2,O15020,Homo sapiens,Spectrin,1489,1586
23968,SPTBN2,O15020,Homo sapiens,Spectrin,1589,1692
23969,SPTBN2,O15020,Homo sapiens,Spectrin,1696,1797
23970,SPTBN2,O15020,Homo sapiens,Spectrin,1801,1904
23971,SPTBN2,O15020,Homo sapiens,Spectrin,1910,2010
23972,SPTBN2,O15020,Homo sapiens,Spectrin,2017,2076
24008,GAK,O14976,Homo sapiens,Pkinase,43,311
24057,NTM,Q9P121,Homo sapiens,I-set,38,132
24078,OPCML,Q14982,Homo sapiens,I-set,38,132
24079,OPCML,Q14982,Homo sapiens,I-set,227,311
24080,TBK1,Q9UHD2,Homo sapiens,Pkinase,13,228
24086,CNTN2,Q02246,Homo sapiens,fn3,610,697
24087,CNTN2,Q02246,Homo sapiens,fn3,714,800
24088,CNTN2,Q02246,Homo sapiens,fn3,815,900
24089,CNTN2,Q02246,Homo sapiens,I-set,330,412
24090,CNTN2,Q02246,Homo sapiens,I-set,431,505
24099,LSAMP,Q13449,Homo sapiens,I-set,34,128
24103,SYN3,O14994,Homo sapiens,PLD,439,498
24108,ANKFY1,Q9P2R3,Homo sapiens,Ank_2,598,683
24109,ANKFY1,Q9P2R3,Homo sapiens,Ank_2,766,834
24110,ANKFY1,Q9P2R3,Homo sapiens,Ank_2,910,999
24111,DMWD,Q09019,Homo sapiens,WD40,287,311
24112,DMWD,Q09019,Homo sapiens,WD40,329,354
24176,STK39,Q9UEW8,Homo sapiens,Pkinase,63,337
24182,CDC42BPB,Q9Y5S2,Homo sapiens,Pkinase,76,342
24188,L1CAM,P32004,Homo sapiens,fn3,622,701
24189,L1CAM,P32004,Homo sapiens,fn3,718,799
24190,L1CAM,P32004,Homo sapiens,fn3,817,907
24191,L1CAM,P32004,Homo sapiens,fn3,921,1003
24192,L1CAM,P32004,Homo sapiens,I-set,338,411
24193,L1CAM,P32004,Homo sapiens,I-set,436,514
24194,L1CAM,P32004,Homo sapiens,I-set,519,608
27330,TBP,P20226,Homo sapiens,PLD,55,114
27340,PDCD6IP,Q8WUM4,Homo sapiens,PLD,809,868
27354,CHAF1B,Q13112,Homo sapiens,WD40,64,94
27355,CHAF1B,Q13112,Homo sapiens,WD40,120,157
27356,CHAF1B,Q13112,Homo sapiens,WD40,161,198
27369,PRKACA,P17612,Homo sapiens,Pkinase,44,298
27388,WDR62,O43379,Homo sapiens,WD40,102,141
27389,WDR62,O43379,Homo sapiens,WD40,364,387
27390,WDR62,O43379,Homo sapiens,WD40,422,441
27415,SUPT6H,Q7KZ85,Homo sapiens,PLD,1609,1668
27477,CDKL5,O76039,Homo sapiens,Pkinase,14,297
27510,RPS6KB1,P23443,Homo sapiens,Pkinase,91,352
27557,NOTCH1,P46531,Homo sapiens,Ank_2,1916,1989
27558,NOTCH1,P46531,Homo sapiens,Ank_2,1999,2090
27613,TRPC3,Q13507,Homo sapiens,Ank_2,33,114
27614,NCOA5,Q9HCD5,Homo sapiens,PLD,447,506
27615,BTRC,Q9Y297,Homo sapiens,WD40,304,329
27616,BTRC,Q9Y297,Homo sapiens,WD40,334,369
27617,BTRC,Q9Y297,Homo sapiens,WD40,419,452
27618,BTRC,Q9Y297,Homo sapiens,WD40,458,492
27619,BTRC,Q9Y297,Homo sapiens,WD40,496,532
27620,BTRC,Q9Y297,Homo sapiens,WD40,547,581
27731,EP300,Q09472,Homo sapiens,PLD,2185,2244
27812,RPS6KB2,Q9UBS0,Homo sapiens,Pkinase,67,328
27838,TRPC7,Q9HCX4,Homo sapiens,Ank_2,51,128
27851,NRG2,O14511,Homo sapiens,I-set,240,326
27902,FBXW11,Q9UKB1,Homo sapiens,WD40,241,266
27903,FBXW11,Q9UKB1,Homo sapiens,WD40,271,306
27904,FBXW11,Q9UKB1,Homo sapiens,WD40,311,346
27905,FBXW11,Q9UKB1,Homo sapiens,WD40,356,389
27906,FBXW11,Q9UKB1,Homo sapiens,WD40,395,429
27907,FBXW11,Q9UKB1,Homo sapiens,WD40,433,469
27908,FBXW11,Q9UKB1,Homo sapiens,WD40,484,518
27915,PPRC1,Q5VV67,Homo sapiens,RRM_1,1545,1600
27943,EYA1,Q99502,Homo sapiens,PLD,174,233
27995,KRT3,P12035,Homo sapiens,PLD,536,595
